question,answer,source,type,difficulty
What are the three economies of scale that benefit Microsoft's cloud business?,"datacenters that deploy computational resources at significantly lower cost per unit than smaller ones; datacenters that coordinate and aggregate diverse customer, geographic, and application demand patterns, improving the utilization of computing, storage, and network resources; and multi-tenancy locations that lower application maintenance labor costs","Our cloud business benefits from three economies of scale: datacenters that deploy computational resources at significantly lower cost per unit than smaller ones; datacenters that coordinate and aggregate diverse customer, geographic, and application demand patterns, improving the utilization of computing, storage, and network resources; and multi-tenancy locations that lower application maintenance labor costs.",fact extraction,medium
What are the three interconnected ambitions that drive Microsoft's research and development efforts?,"Reinvent productivity and business processes, Build the intelligent cloud and intelligent edge platform, and Create more personal computing.","The Ambitions That Drive Us To achieve our vision, our research and development efforts focus on three interconnected ambitions: • Reinvent productivity and business processes to help organizations and individuals work and collaborate more securely and efficiently. • Build the intelligent cloud and intelligent edge platform to provide a foundation for our customers’ digital workloads including hybrid consistency, developer productivity, data and AI capabilities, and trusted security and compliance. • Create more personal computing to enable users to interact with technology in more intuitive, engaging, and dynamic ways.",fact extraction,easy
What is Microsoft's goal in terms of industry leadership?,To lead the industry in several distinct areas of technology over the long term.,"Our goal is to lead the industry in several distinct areas of technology over the long term, which we expect will translate to sustained growth.",fact extraction,easy
What is Microsoft's approach to addressing climate change?,Microsoft's approach to addressing climate change starts with the sustainability of their own business.,Commitment to Sustainability Microsoft is committed to sustainability and our approach to addressing climate change starts with the sustainability of our own business.,fact extraction,easy
What are some of the areas where Microsoft is investing significant resources?,"Microsoft is investing significant resources in transforming the workplace, building and running cloud-based services, applying AI and ambient intelligence, providing training on generative AI, inventing new gaming experiences, leveraging Windows, and tackling security.",We are investing significant resources in: ...,fact extraction,easy
What are Microsoft's goals for sustainability by 2030?,"Microsoft aims to become a carbon negative, water positive, and zero waste company by 2030.","In 2020, we announced goals to become a carbon negative, water positive, and zero waste company by 2030.",fact extraction,easy
What are the three economies of scale that benefit Microsoft's cloud business?,"The three economies of scale are: datacenters that deploy computational resources at significantly lower cost per unit than smaller ones; datacenters that coordinate and aggregate diverse customer, geographic, and application demand patterns, improving the utilization of computing, storage, and network resources; and multi-tenancy locations that lower application maintenance labor costs.","Our cloud business benefits from three economies of scale: datacenters that deploy computational resources at significantly lower cost per unit than smaller ones; datacenters that coordinate and aggregate diverse customer, geographic, and application demand patterns, improving the utilization of computing, storage, and network resources; and multi-tenancy locations that lower application maintenance labor costs.",fact extraction,medium
What are the three interconnected ambitions that Microsoft's research and development efforts focus on?,"Reinvent productivity and business processes, Build the intelligent cloud and intelligent edge platform, and Create more personal computing.","To achieve our vision, our research and development efforts focus on three interconnected ambitions: • Reinvent productivity and business processes to help organizations and individuals work and collaborate more securely and efficiently. • Build the intelligent cloud and intelligent edge platform to provide a foundation for our customers’ digital workloads including hybrid consistency, developer productivity, data and AI capabilities, and trusted security and compliance. • Create more personal computing to enable users to interact with technology in more intuitive, engaging, and dynamic ways.",fact extraction,easy
Which Microsoft service is mentioned as providing AI-driven productivity gains?,Microsoft 365 Copilot,"Applying AI and ambient intelligence to drive insights, revolutionize many types of work and business processes, and provide substantive productivity gains using Microsoft 365 Copilot and agents.",fact extraction,easy
What segment does the commercial components of Microsoft 365 belong to?,Productivity and Business Processes,most notably bringing the commercial components of Microsoft 365 together in the Productivity and Business Processes segment.,fact extraction,easy
When does the information about the new segments start being reflected in the reviews of the chief operating decision maker?,fiscal year 2025,"Beginning in fiscal year 2025, the information that our chief operating decision maker is regularly provided and reviews for purposes of allocating resources and assessing performance reflects these segment changes.",fact extraction,easy
"What is Microsoft 365 Commercial, and what does it bring together to help organizations empower their employees?","Microsoft 365 Commercial is an AI-powered business and productivity solutions platform that brings together Office, Windows, Microsoft 365 Copilot, and Enterprise Mobility + Security.",Microsoft 365 Commercial Products and Cloud Services,fact extraction,easy
What are the components of Microsoft 365 Commercial cloud?,"Microsoft 365 Commercial cloud comprises Microsoft 365 Commercial, Enterprise Mobility + Security, the cloud portion of Windows Commercial, the per-user portion of Power BI, Exchange, SharePoint, Microsoft Teams, Microsoft 365 Security and Compliance, and Microsoft 365 Copilot.",Productivity and Business Processes,fact extraction,medium
What segments does Microsoft use to operate its business and report financial performance?,"Productivity and Business Processes, Intelligent Cloud, and More Personal Computing","We operate our business and report our financial performance using three segments: Productivity and Business Processes, Intelligent Cloud, and More Personal Computing.",fact extraction,easy
What are the main components of Microsoft 365 Commercial products and cloud services?,"Microsoft 365 Commercial cloud, comprising Microsoft 365 Commercial, Enterprise Mobility + Security, the cloud portion of Windows Commercial, the per-user portion of Power BI, Exchange, SharePoint, Microsoft Teams, Microsoft 365 Security and Compliance, and Microsoft 365 Copilot; and Microsoft 365 Commercial products, comprising Windows Commercial on-premises and Office licensed on-premises.",Microsoft 365 Commercial Products and Cloud Services,fact extraction,medium
What is Microsoft 365 Commercial described as?,"an AI-powered business and productivity solutions platform that brings together Office, Windows, Microsoft 365 Copilot, and Enterprise Mobility + Security","Microsoft 365 Commercial is an AI-powered business and productivity solutions platform that brings together Office, Windows, Microsoft 365 Copilot, and Enterprise Mobility + Security to help organizations empower their employees.",fact extraction,easy
What factors affect Microsoft 365 Commercial revenue?,"a combination of continued installed base growth and average revenue per user expansion, as well as the continued shift from Office licensed on-premises to Microsoft 365","Microsoft 365 Commercial revenue is mainly affected by a combination of continued installed base growth and average revenue per user expansion, as well as the continued shift from Office licensed on-premises to Microsoft 365.",fact extraction,easy
How does Microsoft 365 Consumer cloud revenue is mainly affected?,"the percentage of customers that buy Office with their new devices and the continued shift from Office licensed on-premises to Microsoft 365 Consumer subscriptions, as well as the demand for communication and storage through Outlook.com and OneDrive","Microsoft 365 Consumer cloud revenue and Office Consumer products revenue is mainly affected by the percentage of customers that buy Office with their new devices and the continued shift from Office licensed on-premises to Microsoft 365 Consumer subscriptions. Microsoft 365 Consumer cloud revenue is also affected by the demand for communication and storage through Outlook.com and OneDrive, which is largely driven by subscriptions and advertising.",fact extraction,medium
What factors drive growth in LinkedIn revenue?,"demand from enterprises and professionals for subscriptions to Talent Solutions, Sales Solutions, and Premium Subscriptions offerings, as well as member engagement and the quality of the sponsored content","LinkedIn revenue is mainly affected by demand from enterprises and professionals for subscriptions to Talent Solutions, Sales Solutions, and Premium Subscriptions offerings, as well as member engagement and the quality of the sponsored content delivered to those members to drive Marketing Solutions.",fact extraction,easy
What solutions does LinkedIn offer to provide AI-enabled insights and productivity?,"Talent Solutions, Marketing Solutions, Premium Subscriptions, and Sales Solutions","In addition to LinkedIn’s free services, LinkedIn offers monetized solutions designed to offer AI-enabled insights and productivity: Talent Solutions, Marketing Solutions, Premium Subscriptions, and Sales Solutions.",fact extraction,easy
How does Microsoft compete in the market for productivity and collaboration tools?,"By providing secure, integrated industry-specific, and easy-to-use productivity and collaboration tools and services that create comprehensive solutions and work well with technologies customers already have.","We compete by providing secure, integrated industry-specific, and easy-to-use productivity and collaboration tools and services that create comprehensive solutions and work well with technologies our customers already have both on-premises or in the cloud.",fact extraction,easy
What are the main offerings in Microsoft's Intelligent Cloud segment?,"Server products and cloud services, including Azure and other cloud services, comprising cloud and AI consumption-based services, GitHub cloud services, Nuance Healthcare cloud services, virtual desktop offerings, and other cloud services; and Server products, comprising SQL Server, Windows Server, Visual Studio, System Center, related Client Access Licenses (“CALs”), and other on-premises offerings.","Our Intelligent Cloud segment consists of our public, private, and hybrid server products and cloud services that power modern business and developers. This segment primarily comprises: • Server products and cloud services, including Azure and other cloud services, comprising cloud and AI consumption-based services, GitHub cloud services, Nuance Healthcare cloud services, virtual desktop offerings, and other cloud services; and Server products, comprising SQL Server, Windows Server, Visual Studio, System Center, related Client Access Licenses (“CALs”), and other on-premises offerings.",fact extraction,easy
Which companies or products does Microsoft Defender for Endpoint compete with?,endpoint security solution providers,Microsoft Defender for Endpoint competes with endpoint security solution providers.,fact extraction,easy
What are the main factors that affect LinkedIn revenue?,"demand from enterprises and professionals for subscriptions to Talent Solutions, Sales Solutions, and Premium Subscriptions offerings, as well as member engagement and the quality of the sponsored content","LinkedIn revenue is mainly affected by demand from enterprises and professionals for subscriptions to Talent Solutions, Sales Solutions, and Premium Subscriptions offerings, as well as member engagement and the quality of the sponsored content delivered to those members to drive Marketing Solutions.",fact extraction,easy
What are some of the competitors to Microsoft Office?,"software and global application vendors, web-based and mobile application companies, AI-first application companies, as well as local application developers","Competitors to Office include software and global application vendors, web-based and mobile application companies, AI-first application companies, as well as local application developers.",fact extraction,easy
"Which segment primarily comprises public, private, and hybrid server products and cloud services that power modern business and developers?",Intelligent Cloud,This segment primarily comprises:,fact extraction,easy
What is Azure and what services does it offer?,"Azure is a comprehensive set of cloud services that offer developers, IT professionals, and enterprises freedom to build, deploy, and manage applications on any platform or device. It offers computing, networking, storage, mobile and web application services, AI, Internet of Things, cognitive services, and machine learning.","Azure is a comprehensive set of cloud services that offer developers, IT professionals, and enterprises freedom to build, deploy, and manage applications on any platform or device. Customers can use Azure through our global network of datacenters for computing, networking, storage, mobile and web application services, AI, Internet of Things, cognitive services, and machine learning.",fact extraction,easy
What is one of the competitive advantages of Azure?,"enabling a hybrid cloud, allowing deployment of existing datacenters with our public cloud into a single, cohesive infrastructure","Azure’s competitive advantage includes enabling a hybrid cloud, allowing deployment of existing datacenters with our public cloud into a single, cohesive infrastructure, and the ability to run at a scale that meets the needs of businesses of all sizes and complexities.",fact extraction,easy
Which industries does Nuance Healthcare provide AI solutions to?,the healthcare industry,Nuance Healthcare provides AI solutions to the healthcare industry.,fact extraction,easy
What allows Microsoft to effectively solve complex cybersecurity challenges for its customers and differentiates it from the competition?,"Microsoft's cloud’s global scale, coupled with its broad portfolio of identity and security solutions.","We believe our cloud’s global scale, coupled with our broad portfolio of identity and security solutions, allows us to effectively solve complex cybersecurity challenges for our customers and differentiates us from the competition.",fact extraction,easy
How does Microsoft's Azure compete with other server products?,"Azure competes with a wide variety of server operating systems and applications offered by companies with a range of market approaches, including vertically integrated computer manufacturers and commercial software vendors.",Our server products face competition from a wide variety of server operating systems and applications offered by companies with a range of market approaches.,comparison,medium
What are the main factors affecting Server products revenue?,"purchases through volume licensing programs, licenses sold to OEMs, and retail packaged products","Server products revenue is mainly affected by purchases through volume licensing programs, licenses sold to OEMs, and retail packaged products.",fact extraction,easy
Which company provides AI solutions to the healthcare industry?,Nuance Healthcare,Nuance Healthcare provides AI solutions to the healthcare industry.,fact extraction,easy
What is a key competitive advantage of Azure's offerings in the cloud service market?,"Azure's competitive advantage includes enabling a hybrid cloud, allowing deployment of existing datacenters with our public cloud into a single, cohesive infrastructure.","Azure’s competitive advantage includes enabling a hybrid cloud, allowing deployment of existing datacenters with our public cloud into a single, cohesive infrastructure, and the ability to run at a scale that meets the needs of businesses of all sizes and complexities.",fact extraction,easy
What are the main components of the More Personal Computing segment?,"The main components of the More Personal Computing segment are: Windows and Devices (including Windows OEM licensing and Devices), Gaming (including Xbox hardware and Xbox content and services), and Search and news advertising (comprising Bing and Copilot, Microsoft News, Microsoft Edge, and third-party affiliates).","More Personal Computing Our More Personal Computing segment consists of products and services that put customers at the center of the experience with our technology. This segment primarily comprises: • Windows and Devices, including Windows OEM licensing (Windows Pro and non-Pro licenses sold through the OEM channel) and Devices, comprising Surface and PC accessories. • Gaming, including Xbox hardware and Xbox content and services, comprising first- and third-party content (including games and in-game content), Xbox Game Pass and other subscriptions, Xbox Cloud Gaming, advertising, and other cloud services. • Search and news advertising, comprising Bing and Copilot, Microsoft News, Microsoft Edge, and third-party affiliates.",fact extraction,easy
How does the company differentiate its server products from competitors?,"The company believes its server products provide customers with advantages in performance, total costs of ownership, and productivity by delivering superior applications, development tools, compatibility with a broad base of hardware and software applications, security, and manageability.","We believe our server products provide customers with advantages in performance, total costs of ownership, and productivity by delivering superior applications, development tools, compatibility with a broad base of hardware and software applications, security, and manageability.",fact extraction,easy
What are the primary components of the Windows and Devices segment in terms of revenue impact?,"Windows OEM licensing (Windows Pro and non-Pro licenses sold through the OEM channel) and Devices, comprising Surface and PC accessories.","This segment primarily comprises: • Windows and Devices, including Windows OEM licensing (Windows Pro and non-Pro licenses sold through the OEM channel) and Devices, comprising Surface and PC accessories.",fact extraction,easy
What factors impact Windows OEM revenue besides computing device market volume?,"The mix of computing devices based on form factor and screen size, differences in device market demand between developed markets and growth markets, growth of the AI PC category, attachment of Windows to devices shipped, customer mix between consumer, small and medium businesses, and large enterprises, changes in inventory levels in the OEM channel, pricing changes and promotions, pricing variation that occurs when the mix of devices manufactured shifts from local and regional system builders to large multinational OEMs, and different pricing of Windows versions licensed, constraints in the supply chain of device components, and piracy.","In addition to computing device market volume, Windows OEM revenue is impacted by:",fact extraction,medium
What are some factors that impact Windows OEM revenue besides computing device market volume?,"The mix of computing devices based on form factor and screen size, differences in device market demand between developed markets and growth markets, growth of the AI PC category, attachment of Windows to devices shipped, customer mix between consumer, small and medium businesses, and large enterprises, changes in inventory levels in the OEM channel, pricing changes and promotions, constraints in the supply chain of device components, and piracy.","In addition to computing device market volume, Windows OEM revenue is impacted by: • The mix of computing devices based on form factor and screen size. • Differences in device market demand between developed markets and growth markets. • Growth of the AI PC category. • Attachment of Windows to devices shipped. • Customer mix between consumer, small and medium businesses, and large enterprises. • Changes in inventory levels in the OEM channel. • Pricing changes and promotions, pricing variation that occurs when the mix of devices manufactured shifts from local and regional system builders to large multinational OEMs, and different pricing of Windows versions licensed. • Constraints in the supply chain of device components. • Piracy.",fact extraction,easy
What are the factors that determine growth in Devices?,"Total PC shipments, the ability to attract new customers, product roadmap, and expanding into new categories.","Growth in Devices is dependent on total PC shipments, the ability to attract new customers, our product roadmap, and expanding into new categories.",fact extraction,easy
What factors impact Windows OEM revenue?,"The factors that impact Windows OEM revenue include: the mix of computing devices based on form factor and screen size, differences in device market demand between developed markets and growth markets, growth of the AI PC category, attachment of Windows to devices shipped, customer mix between consumer, small and medium businesses, and large enterprises, changes in inventory levels in the OEM channel, pricing changes and promotions, pricing variation that occurs when the mix of devices manufactured shifts from local and regional system builders to large multinational OEMs, and different pricing of Windows versions licensed, and constraints in the supply chain of device components.","Windows OEM revenue is impacted significantly by the number of Windows operating system licenses purchased by OEMs, which they pre-install on the devices they sell. In addition to computing device market volume, Windows OEM revenue is impacted by:",fact extraction,medium
"What are the components of Gaming, including Xbox hardware and Xbox content and services?","The components of Gaming, including Xbox hardware and Xbox content and services, comprise first- and third-party content (including games and in-game content), Xbox Game Pass and other subscriptions, Xbox Cloud Gaming, advertising, and other cloud services.","• Gaming, including Xbox hardware and Xbox content and services, comprising first- and third-party content (including games and in-game content), Xbox Game Pass and other subscriptions, Xbox Cloud Gaming, advertising, and other cloud services.",fact extraction,easy
What are the main factors that affect Xbox revenue?,"subscriptions and sales of first- and third-party content, as well as advertising","Xbox revenue is mainly affected by subscriptions and sales of first- and third-party content, as well as advertising.",fact extraction,easy
What devices can be used to access Xbox online gaming experiences?,"Xbox consoles, Windows-enabled devices, and other devices","Xbox enables people to connect and share online gaming experiences that are accessible on Xbox consoles, Windows-enabled devices, and other devices.",fact extraction,easy
What are the key factors that determine the growth of Microsoft's digital advertising solutions?,"The growth depends on Microsoft's ability to attract new users, understand intent, and match intent with relevant content on advertising offerings.","Growth depends on our ability to attract new users, understand intent, and match intent with relevant content on advertising offerings.",fact extraction,easy
How does Microsoft's Windows compete effectively in the market?,"Windows competes effectively by giving customers choice, value, flexibility, security, an easy-to-use interface, and compatibility with a broad range of hardware and software applications.","We believe Windows competes effectively by giving customers choice, value, flexibility, security, an easy-to-use interface, and compatibility with a broad range of hardware and software applications, including those that enable productivity.",fact extraction,easy
"How many people did Microsoft employ on a full-time basis as of June 30, 2025?","approximately 228,000","As of June 30, 2025, we employed approximately 228,000 people on a full-time basis, 125,000 in the U.S. and 103,000 internationally.",fact extraction,easy
What is the breakdown of Microsoft's employee distribution across different functions?,"89,000 in operations, 80,000 in product research and development, 44,000 in sales and marketing, and 15,000 in general and administration","Of the total employees, 89,000 were in operations, including product support and consulting services, datacenter operations, and manufacturing and distribution; 80,000 were in product research and development; 44,000 were in sales and marketing; and 15,000 were in general and administration.",fact extraction,easy
What is the main source of revenue for Xbox?,"Subscriptions and sales of first- and third-party content, as well as advertising.","Xbox revenue is mainly affected by subscriptions and sales of first- and third-party content, as well as advertising.",fact extraction,easy
How does Xbox benefit its developer and partner ecosystems?,By providing access to a large customer base.,Xbox is designed to benefit users by providing access to a network of certified applications and services and to benefit our developer and partner ecosystems by providing access to a large customer base.,fact extraction,easy
What are the main factors affecting Xbox revenue?,"subscriptions and sales of first- and third-party content, as well as advertising","Xbox revenue is mainly affected by subscriptions and sales of first- and third-party content, as well as advertising.",fact extraction,easy
How does Windows compete effectively in the market?,"by giving customers choice, value, flexibility, security, an easy-to-use interface, and compatibility with a broad range of hardware and software applications","We believe Windows competes effectively by giving customers choice, value, flexibility, security, an easy-to-use interface, and compatibility with a broad range of hardware and software applications, including those that enable productivity.",fact extraction,easy
How does Microsoft's gaming platform differentiate itself from competitive products and services?,"based on significant innovation in hardware architecture, user interface, developer tools, online gaming and entertainment services, and continued strong content from our own first-party game franchises as well as other digital content offerings","We believe our gaming platform is effectively positioned against, and uniquely differentiated from, competitive products and services based on significant innovation in hardware architecture, user interface, developer tools, online gaming and entertainment services, and continued strong content from our own first-party game franchises as well as other digital content offerings.",fact extraction,medium
What measures have been implemented to enhance supply chain efficiency and resilience?,the ability to relocate production geographically,"We engage third-party manufacturers to produce our devices and have implemented measures to enhance supply chain efficiency and resilience, including the ability to relocate production geographically.",fact extraction,easy
Why does developing most products and services internally allow for more control?,it gives us the freedom to decide which modifications and enhancements are most important and when they should be implemented.,We develop most of our products and services internally which allows us to maintain competitive advantages that come from product differentiation and closer technical control over our products and services. It also gives us the freedom to decide which modifications and enhancements are most important and when they should be implemented.,fact extraction,medium
What kind of programs does Microsoft offer to support employee wellbeing?,"Microsoft offers a differentiated benefits package which includes many physical, emotional, and financial wellness programs.","We have invested significantly in employee wellbeing and offer a differentiated benefits package which includes many physical, emotional, and financial wellness programs.",fact extraction,easy
How does Microsoft gather feedback from its workforce?,Microsoft gathers direct feedback from its workforce through employee listening systems.,"Through our employee listening systems, we gather direct feedback from our workforce, enabling us to adapt our programs and address employee needs globally with real-time insights.",fact extraction,easy
What regions have Microsoft's regional operations service centers?,"The Americas, Asia Pacific, Europe, and the Middle East.","We have regional operations service centers in the Americas, Asia Pacific, Europe, and the Middle East that support our business operations...",fact extraction,easy
What are some factors that Microsoft's datacenters depend on?,"The availability of permitted and buildable land, predictable energy, networking supplies, and servers, including graphics processing units (“GPUs”) and other components.","Our datacenters depend on the availability of permitted and buildable land, predictable energy, networking supplies, and servers, including graphics processing units (“GPUs”) and other components.",fact extraction,easy
How does the company protect its intellectual property investments?,"The company protects its intellectual property investments by working actively in the U.S. and internationally to ensure the enforcement of copyright, patent, trademark, trade secret, and other protections that apply to its software and hardware products, services, business plans, and branding.","We protect our intellectual property investments in a variety of ways. We work actively in the U.S. and internationally to ensure the enforcement of copyright, patent, trademark, trade secret, and other protections that apply to our software and hardware products, services, business plans, and branding.",fact extraction,easy
What type of research does the company continue to support?,The company continues to support fundamental research.,"This includes continuing to support fundamental research, which provides us with a unique perspective on future trends and contributes to our innovation.",fact extraction,easy
What channels are used to market and distribute products and services?,"direct, distributors and resellers, and OEMs","We market and distribute our products and services through the following channels: direct, distributors and resellers, and OEMs.",fact extraction,easy
Why does the company make select intellectual property broadly available at no or low cost?,"to achieve a strategic objective, such as promoting industry standards, advancing interoperability, supporting societal and/or environmental efforts, or attracting and enabling the external development community","At times, we make select intellectual property broadly available at no or low cost to achieve a strategic objective, such as promoting industry standards, advancing interoperability, supporting societal and/or environmental efforts, or attracting and enabling our external development community.",fact extraction,medium
What are the channels through which Microsoft markets and distributes its products and services?,"direct, distributors and resellers, and OEMs","We market and distribute our products and services through the following channels: direct, distributors and resellers, and OEMs.",fact extraction,easy
Through what types of agreements do many organizations license Microsoft's products and services directly with the company?,Enterprise Agreements and Enterprise Services contracts,Many organizations that license our products and services transact directly with us through Enterprise Agreements and Enterprise Services contracts,fact extraction,easy
How does the company distribute its devices?,The company distributes its devices through third-party retailers.,We distribute our devices through third-party retailers.,fact extraction,easy
Why does the company make select intellectual property broadly available at no or low cost?,"The company makes select intellectual property broadly available at no or low cost to achieve a strategic objective, such as promoting industry standards, advancing interoperability, supporting societal and/or environmental efforts, or attracting and enabling its external development community.","At times, we make select intellectual property broadly available at no or low cost to achieve a strategic objective, such as promoting industry standards, advancing interoperability, supporting societal and/or environmental efforts, or attracting and enabling our external development community.",fact extraction,medium
What are the channels through which the company markets and distributes its products and services?,"The company markets and distributes its products and services through the following channels: direct, distributors and resellers, and OEMs.","Our customers include individual consumers, small and medium organizations, large global enterprises, public-sector institutions, service providers, application developers, and OEMs. We market and distribute our products and services through the following channels: direct, distributors and resellers, and OEMs.",fact extraction,easy
What is Microsoft's main partner program for reselling cloud services?,Microsoft Cloud Solution Provider,Microsoft Cloud Solution Provider is our main partner program for reselling cloud services.,fact extraction,easy
How are Microsoft products and services typically distributed to individual consumers?,primarily through retail outlets,Individual consumers obtain these products primarily through retail outlets.,fact extraction,easy
What is the typical duration of an Enterprise Agreement for licensing Microsoft products and services?,three-year period,Enterprise Agreements are designed for medium or large organizations that want to license Microsoft products and services organization-wide over a three-year period.,fact extraction,easy
Which type of agreement allows customers to acquire monthly or annual subscriptions for cloud-based services directly via the web?,Microsoft Online Subscription Agreement,"Microsoft Online Subscription Agreements are designed for small and medium organizations that want to subscribe to, activate, provision, and maintain cloud services seamlessly and directly via the web.",fact extraction,easy
What is Software Assurance (SA) and what benefits does it provide?,"Software Assurance (SA) conveys rights to new software and upgrades for perpetual licenses released over the contract period. It also provides support, tools, training, and other licensing benefits to help customers deploy and use software efficiently.","Software Assurance (“SA”) conveys rights to new software and upgrades for perpetual licenses released over the contract period. It also provides support, tools, training, and other licensing benefits to help customers deploy and use software efficiently.",fact extraction,easy
What is the typical duration of an Enterprise Agreement for licensing Microsoft products and services?,three years,Enterprise Agreements are designed for medium or large organizations that want to license Microsoft products and services organization-wide over a three-year period.,fact extraction,easy
What type of organizations are Enterprise Agreements designed for?,medium or large organizations,Enterprise Agreements are designed for medium or large organizations that want to license Microsoft products and services organization-wide over a three-year period.,fact extraction,easy
How long is an Enterprise Agreement valid for?,three-year period,Enterprise Agreements are designed for medium or large organizations that want to license Microsoft products and services organization-wide over a three-year period.,fact extraction,easy
What is the duration of the Open Value agreements for licensing cloud services and on-premises software?,three-year period,These agreements are designed for small and medium organizations that want to license cloud services and on-premises software over a three-year period.,fact extraction,easy
What is the duration of the software licensing period mentioned in the passage?,three years,Partners license software over a three-year period and are billed monthly based on units licensed.,fact extraction,easy
How does Microsoft ensure compliance with regulatory requirements across its operations?,"Microsoft has implemented comprehensive compliance programs across its operations, and its business teams, with legal support, manage these programs and prepare external regulatory and commercial reporting, while internal audit teams conduct reviews of the programs and processes.","We have implemented comprehensive compliance programs across our operations to adapt to these changes and to maintain customer and regulator confidence. Our business teams, with legal support, manage the compliance programs and prepare external regulatory and commercial reporting, and our internal audit teams conduct reviews of the programs and processes.",fact extraction,medium
What type of organizations are Open Value agreements designed for?,small and medium organizations,These agreements are designed for small and medium organizations that want to license cloud services and on-premises software over a three-year period.,fact extraction,easy
What is included in Open Value agreements by default?,SA (Software Assurance),"Under Open Value agreements, organizations can elect to purchase perpetual licenses or subscribe to licenses and SA is included.",fact extraction,easy
What is the duration for which partners license software under the Microsoft Services Provider License Agreement?,three years,Partners license software over a three-year period and are billed monthly based on units licensed.,fact extraction,easy
How are partners billed under the Microsoft Services Provider License Agreement?,monthly based on units licensed,Partners license software over a three-year period and are billed monthly based on units licensed.,fact extraction,easy
When was Mr. Nadella appointed as Chairman of the board?,In June  June 2021,Mr. Nadella was appointed Chairman of the  the  in June  June 2021 and Chief Officer in  in February  February 2014.,fact extraction,easy
What  What  was  was  Mr.  Althoff’s  Althoff's  position  the  position  before  from  before  July  July 2017?,President  He  of  was  was  Microsoft  Microsoft  North  North  America,"He  Prior  Prior  that  that  that ,  ,  ,  He  He  He  was  was  was  was  the  the  the  President  President  President  of  of  Microsoft  Microsoft  North  North  North  America. America.",fact extraction,hard
When  When  When  did  did  did  did  Mr.  Mr.  Mr.  Althoff  Althoff  Althoff  join  join join  join  Microsoft?,In  He  March  He  joined 1992  Microsoft  Microsoft  March  in  as 1992  as  President  President  President  of  of  North  North  North  America.,"He  Mr.  Mr.  Althoff  was  Althoff  joined  joined  appointed  Microsoft  Executive  Executive  Vice  President  President  and  and  and  Chief  Chief  Officer  Officer  in  in  July  July 2021.   He  He  He  He  served  served  as  as  Executive  Executive  Executive  Vice  Vice  President,  President,  President,  Worldwide  Worldwide  Business  Business  Business  from  from  from 2017  July  July 2017 2017  until  until  until  until  time.  He  He  He  He  He  He  was  as  was  was  was  was  was  President  the  President  President  President  of  of  Microsoft  Microsoft  Microsoft  North  North  North  North  America. America. America",fact extraction,easy
"How long had Ms. Hogan been Executive Vice President, Human Resources before becoming Executive Vice President and Chief Human Resources Officer?",8 years and 7 months,"Ms. Hogan had been Executive Vice President, Human Resources since November 2014.",numeric calculation,medium
How long did Ms. Hood serve as Chief Financial Officer of the Microsoft Business Division?,3 years,"From 2010 to 2013, Ms. Hood was Chief Financial Officer of the Microsoft Business Division.",numeric calculation,medium
"How long did Mr. Smith serve as Senior Vice President, General Counsel, and Secretary?",10 years,"He served as Senior Vice President, General Counsel, and Secretary from 2001 to 2011.",numeric calculation,medium
"When did Mr. Nadella serve as President, Server and Tools?",From 2011 to 2013,"From 2011 to 2013, Mr. Nadella served as President, Server and Tools.",fact extraction,easy
"How long did Mr. Althoff serve as President of Microsoft North America before becoming Executive Vice President, Worldwide Commercial Business?",4 years,"Mr. Althoff joined Microsoft in March 2013 as President of Microsoft North America. Mr. Althoff was appointed Executive Vice President, Worldwide Commercial Business from July 2017",numeric calculation,medium
When did Ms. Coleman join Microsoft?,2009,"Since joining Microsoft in 2009, Ms. Coleman has held various positions of increasing authority.",fact extraction,easy
"How long did Ms. Hogan serve as Executive Vice President, Human Resources before becoming Chief Human Resources Officer?",8 years and 7 months,"Ms. Hogan had been Executive Vice President, Human Resources since November 2014. Ms. Hogan was appointed Executive Vice President and Chief Human Resources Officer since June 2023.",numeric calculation,medium
"How long had Mr. Smith been serving as Senior Vice President, General Counsel, and Secretary before becoming Executive Vice President, General Counsel, and Secretary?",10 years,"He served as Senior Vice President, General Counsel, and Secretary from 2001 to 2011.",numeric calculation,medium
When was Mr. Smith named Chief Compliance Officer?,2002,Mr. Smith was also named Chief Compliance Officer in 2002.,fact extraction,easy
What type of reports are available on the Investor Relations website as soon as reasonably practicable after filing with the SEC?,"Annual reports on Form 10-K, quarterly reports on Form 10-Q, current reports on Form 8-K, and any amendments to those reports","Our annual report on Form 10-K, quarterly reports on Form 10-Q, current reports on Form 8-K, and any amendments to those reports, as soon as reasonably practicable after we electronically file that material with or furnish it to the Securities and Exchange Commission (“SEC”) at www.sec.gov.",fact extraction,easy
"What is available for investors at Microsoft's Investor Relations website, www.microsoft.com/investor?","A variety of information, including annual report on Form 10-K, quarterly reports on Form 10-Q, current reports on Form 8-K, and any amendments to those reports","At our Investor Relations website, www.microsoft.com/investor, we make available free of charge a variety of information for investors.",fact extraction,easy
What happens to information posted on social media by Microsoft?,It is possible that the information we post on social media could be deemed to be material to investors,It is possible that the information we post on social media could be deemed to be material to investors.,fact extraction,easy
"What are the potential consequences if the company fails to innovate and provide appealing products, devices, and services?","The company's business, financial condition, and results of operations could be adversely affected.","If we do not continue to innovate and provide products, devices, and services that appeal to businesses and consumers, we may not remain competitive, which could adversely affect our business, financial condition, and results of operations.",fact extraction,easy
What is a key factor in establishing a successful platform-based ecosystem?,Establishing significant scale in the marketplace.,Establishing significant scale in the marketplace is necessary to meet consumer demand and to achieve and maintain attractive margins.,fact extraction,easy
"What type of model has succeeded with some consumer products such as PCs, tablets, and smartphones?",A competing vertically-integrated model,"A competing vertically-integrated model, in which a single firm controls the hardware and software elements of a product and related services, has succeeded with some consumer products such as PCs, tablets, smartphones, gaming consoles, wearables, and other endpoint devices.",fact extraction,easy
What is a potential consequence of shifting a portion of the business to a vertically-integrated model?,It may increase the cost of revenue and reduce operating margins,Shifting a portion of our business to a vertically-integrated model may increase our cost of revenue and reduce our operating margins.,fact extraction,easy
What are the factors that affect the attractiveness of a platform to device purchasers?,The variety and utility of content and applications available on a platform.,The variety and utility of content and applications available on a platform are important to device purchasing decisions.,fact extraction,easy
What are the potential consequences of efforts to compete with competitors' content and application marketplaces on the company's cost of revenue and operating margins?,Efforts to compete with competitors' content and application marketplaces may increase the company's cost of revenue and lower its operating margins.,Efforts to compete with competitors' content and application marketplaces may increase our cost of revenue and lower our operating margins.,fact extraction,easy
"What is the company investing in across the entire company, and what type of market is AI technology and services?","The company is investing in artificial intelligence (""AI"") across the entire company, and AI technology and services are a highly competitive and rapidly evolving market.","We are investing in artificial intelligence (""AI"") across the entire company and infusing generative AI capabilities into our consumer and commercial offerings. AI technology and services are a highly competitive and rapidly evolving market, and new competitors continue to enter the market.",fact extraction,easy
What business model do many of the company's competitors use to develop and sell software to businesses and consumers?,The license-based proprietary software model.,Many of our competitors also develop and sell software to businesses and consumers under this model.,fact extraction,easy
How do some companies compete with the company by using open source software?,"By modifying and then distributing open source software at little or no cost to end users, and earning revenue on advertising or integrated products and services.","Some companies compete with us by modifying and then distributing open source software at little or no cost to end users, developing, making available, or using AI models that are open, and earning revenue on advertising or integrated products and services.",fact extraction,medium
What are the potential consequences of competitive pressures on the company's financial condition and results of operations?,"The competitive pressures may cause decreased sales volumes, price reductions, and/or increased operating costs, which could adversely affect the company's financial condition and results of operations.","The competitive pressures described above may cause decreased sales volumes, price reductions, and/or increased operating costs, such as for research and development, marketing, and sales incentives, which could adversely affect our financial condition and results of operations.",fact extraction,easy
What are some of the key areas where the company's execution is crucial for success in cloud-based and AI services?,"The company's execution in several areas is crucial, including: bringing to market compelling cloud-based and AI services and products, maintaining utility, compatibility, and performance on various devices, enhancing the attractiveness of cloud platforms to third-party developers, ensuring reliability and security of cloud-based services, and making the suite of cloud-based services platform-agnostic.","Whether we succeed in cloud-based and AI services depends on our execution in several areas, including: • Continuing to bring to market compelling cloud-based and AI services and products that generate increasing traffic and market share. • Maintaining the utility, compatibility, and performance of our cloud-based and AI services on the growing array of computing devices, including PCs, smartphones, tablets, gaming consoles, and other devices. • Continuing to enhance the attractiveness of our cloud platforms to third-party developers. • Ensuring our cloud-based services meet the reliability expectations and specific requirements of our customers and maintain the security of their data as well as help them meet their own compliance needs. • Making our suite of cloud-based services platform-agnostic, available on a wide range of devices and ecosystems, including those of our competitors.",fact extraction,medium
What are the potential consequences if the company's strategies fail to attract users or generate sufficient revenue?,"This could adversely affect our operations, financial condition, and results of operations.","If we are not effective in executing organizational and technical changes to increase efficiency and accelerate innovation, or if we fail to generate sufficient usage of our new products and services, we may not grow revenue in line with the infrastructure and development investments described above. This could adversely affect our operations, financial condition, and results of operations.",fact extraction,easy
What type of business models does the company compete with?,"The company competes with a growing variety of business models, including cloud-based services and AI technology and services.",Business model competition Companies compete with us based on a growing variety of business models.,fact extraction,easy
How do some companies compete with the company's software products?,"Some companies compete by modifying and then distributing open source software at little or no cost to end users, or developing, making available, or using AI models that are open, and earning revenue on advertising or integrated products and services.","Some companies compete with us by modifying and then distributing open source software at little or no cost to end users, developing, making available, or using AI models that are open, and earning revenue on advertising or integrated products and services.",fact extraction,easy
What are the potential effects of competitive pressures on the company's financial condition and results of operations?,"The competitive pressures may cause decreased sales volumes, price reductions, and/or increased operating costs, such as for research and development, marketing, and sales incentives, which could adversely affect the company's financial condition and results of operations.","The competitive pressures described above may cause decreased sales volumes, price reductions, and/or increased operating costs, such as for research and development, marketing, and sales incentives, which could adversely affect our financial condition and results of operations.",fact extraction,easy
What are the potential consequences if the company's strategies to attract users and generate revenue are not successful?,"The company may not grow revenue in line with investments, which could adversely affect operations, financial condition, and results of operations.","If we are not effective in executing organizational and technical changes to increase efficiency and accelerate innovation, or if we fail to generate sufficient usage of our new products and services, we may not grow revenue in line with the infrastructure and development investments described above. This could adversely affect our operations, financial condition, and results of operations.",fact extraction,medium
What kind of activities may some users engage in through the company's cloud-based and AI services that could lead to reputational damage or adverse business impacts?,"Fraudulent or abusive activities, such as unauthorized account access, payment fraud, terms of service violations including cryptocurrency mining or launching cyberattacks.","some users may also engage in fraudulent or abusive activities through our cloud-based and AI services, such as unauthorized account access, payment fraud, or terms of service violations including cryptocurrency mining or launching cyberattacks.",fact extraction,easy
What are some potential risks associated with the company's arrangements and transactions?,"The potential risks include early termination or renegotiation of the arrangement, limited ability to control or influence third parties, and failure to realize anticipated benefits.","If an arrangement fails to adequately anticipate changing circumstances and interests of a party, it may result in early termination or renegotiation of the arrangement. We also have limited ability to control or influence third parties with whom we have arrangements, which may impact our ability to realize the anticipated benefits.",fact extraction,easy
What could be the financial impact of the company's transactions and arrangements not meeting expectations?,"The benefits may ultimately be smaller than expected, which could cause an impairment of goodwill or intangibles, and a significant charge may be recorded in the consolidated financial statements.","It may take longer than expected to realize the full economic benefits from these transactions and arrangements, such as increased revenue or enhanced efficiencies, or the benefits may ultimately be smaller than we expected, which could cause an impairment of goodwill or intangibles.",fact extraction,medium
What are some potential risks associated with the company's AI systems?,"The company's AI systems may be used in ways that are unintended or inappropriate, and some users may engage in fraudulent or abusive activities through these services.","Our AI systems offer users powerful tools and capabilities. However, there may be instances where these systems are used in ways that are unintended or inappropriate.",fact extraction,easy
What type of investments does the company make that are considered speculative?,"The company makes significant investments in new technology, including research, development, and marketing for existing products, services, and technologies, and in the development and acquisition of hardware.","Investments in new technology are speculative. Commercial success depends on many factors, including innovation, developer support, and effective distribution and marketing.",fact extraction,medium
What are the potential risks associated with investments in new technology?,"Investments in new technology are speculative and may not achieve significant revenue for several years, if at all, and may not be profitable or achieve high operating margins.","Investments in new technology are speculative. Commercial success depends on many factors, including innovation, developer support, and effective distribution and marketing. We may not achieve significant revenue from new product, service, and distribution channel investments for several years, if at all. New products and services may not be profitable or may not achieve operating margins as high as we have experienced historically.",fact extraction,medium
What factors could negatively impact product and feature adoption?,"Perceptions of mismanagement, driven by regulatory activity or negative public reaction to data-handling practices, product experiences, or features.","Perceptions of mismanagement, driven by regulatory activity or negative public reaction to our practices or product experiences, could negatively impact product and feature adoption.",fact extraction,easy
What are the potential consequences of an arrangement failing to anticipate changing circumstances and interests of a party?,early termination or renegotiation of the arrangement,"If an arrangement fails to adequately anticipate changing circumstances and interests of a party, it may result in early termination or renegotiation of the arrangement.",fact extraction,easy
What could be the impact on the company's financial statements if the economic benefits from transactions and arrangements are smaller than expected?,a significant charge in the consolidated financial statements due to impairment of goodwill or intangibles,"It may take longer than expected to realize the full economic benefits from these transactions and arrangements, such as increased revenue or enhanced efficiencies, or the benefits may ultimately be smaller than we expected, which could cause an impairment of goodwill or intangibles.",fact extraction,medium
What are some methods used by threat actors to attack products and services or gain access to networks and datacenters?,"Threat actors use a wide variety of methods, including developing and deploying malicious software; exploiting known and potential vulnerabilities or intentionally designed processes in hardware, software, or other infrastructure; and using social engineering techniques to induce employees, users, partners, or customers to disclose sensitive information.","These actors use a wide variety of methods, which include developing and deploying malicious software; exploiting known and potential vulnerabilities or intentionally designed processes in our or third-party hardware, software, or other infrastructure to attack our products and services or gain access to our networks and datacenters; using social engineering techniques to induce our employees, users, partners, or customers to disclose sensitive information, such as passwords, or take other actions to gain access to our data or our users’ or customers’ data;",fact extraction,easy
What is a potential consequence of cyberattacks and security vulnerabilities for the company?,"Cyberattacks and security vulnerabilities could lead to reduced revenue, increased costs, liability claims, or harm to the company's reputation or competitive position.","Cyberattacks and security vulnerabilities could lead to reduced revenue, increased costs, liability claims, or harm to our reputation or competitive position.",fact extraction,easy
What methods do actors use to attack products and services?,"Actors use methods such as developing and deploying malicious software, exploiting known and potential vulnerabilities, using social engineering techniques, or acting in a coordinated manner.","These actors use a wide variety of methods, which include developing and deploying malicious software; exploiting known and potential vulnerabilities or intentionally designed processes in our or third-party hardware, software, or other infrastructure to attack our products and services or gain access to our networks and datacenters; using social engineering techniques to induce our employees, users, partners, or customers to disclose sensitive information, such as passwords, or take other actions to gain access to our data or our users’ or customers’ data; or acting in a coordinated manner or conducting coordinated attacks.",fact extraction,easy
When did a nation-state associated threat actor use a password spray attack to compromise a legacy test account?,The threat actor used a password spray attack to compromise a legacy test account beginning in late November 2023.,"For example, as previously disclosed in our Form 8-K filed with the Securities and Exchange Commission on January 19, 2024 and amended on March 8, 2024, beginning in late November 2023, a nation-state associated threat actor used a password spray attack to compromise a legacy test account and, in turn, gain access to Microsoft email accounts.",fact extraction,easy
What type of actors can sustain malicious activities for extended periods and deploy significant resources to plan and carry out attacks?,Nation-state and state-sponsored actors,Nation-state and state-sponsored actors can sustain malicious activities for extended periods and deploy significant resources to plan and carry out attacks.,fact extraction,easy
What are some examples of actions that employees or third parties may take to compromise security or systems?,Employees or third parties may intentionally compromise our or our users’ security or systems or reveal confidential information.,"Employees or third parties may intentionally compromise our or our users’ security or systems or reveal confidential information, and laws in foreign jurisdictions may compel actions by such parties against our interests and could limit our recourse.",fact extraction,easy
What is a challenge in responding to cyber incidents?,"It may be difficult to determine the best way to investigate, mitigate, contain, and remediate the harm caused by a cyber incident.","It may be difficult to determine the best way to investigate, mitigate, contain, and remediate the harm caused by a cyber incident. Such efforts may not be successful, and we may make errors or fail to take necessary actions.",fact extraction,medium
"Why may the company not be able to provide prompt, full, and reliable information about a cyber incident?","it may take considerable time for us to investigate and evaluate the full impact of incidents, particularly for sophisticated attacks.","In addition, it may take considerable time for us to investigate and evaluate the full impact of incidents, particularly for sophisticated attacks.",fact extraction,easy
What types of actors pose threats to the company's customers and internal infrastructure?,"Threat actors, including individual and groups of hackers and sophisticated organizations, including nation-states, state-sponsored organizations, or cybercriminal groups.","Threat actors, including individual and groups of hackers and sophisticated organizations, including nation-states, state-sponsored organizations, or cybercriminal groups, continuously undertake attacks that pose threats to our customers and our internal infrastructure, and we have experienced cybersecurity incidents in which such actors have gained unauthorized access to our systems and data, including customer systems and data.",fact extraction,easy
What methods do threat actors use to attack the company's products and services or gain access to its networks and datacenters?,"They use a wide variety of methods, including developing and deploying malicious software; exploiting known and potential vulnerabilities or intentionally designed processes in the company's or third-party hardware, software, or other infrastructure; using social engineering techniques to induce employees, users, partners, or customers to disclose sensitive information; or acting in a coordinated manner or conducting coordinated attacks.","These actors use a wide variety of methods, which include developing and deploying malicious software; exploiting known and potential vulnerabilities or intentionally designed processes in our or third-party hardware, software, or other infrastructure to attack our products and services or gain access to our networks and datacenters; using social engineering techniques to induce our employees, users, partners, or customers to disclose sensitive information, such as passwords, or take other actions to gain access to our data or our users’ or customers’ data; or acting in a coordinated manner or conducting coordinated attacks.",fact extraction,medium
"What is a significant challenge to companies like the one described in the passage, whose business is providing technology products and services to others?",Security threats,"Security threats are a significant challenge to companies like us, whose business is providing technology products and services to others.",fact extraction,easy
What kind of vulnerabilities do adversaries sometimes exploit when attacking customers' on-premises or cloud environments?,Previously unknown (“zero-day”) vulnerabilities,"In addition, adversaries can attack our customers’ on-premises or cloud environments, sometimes exploiting previously unknown (“zero-day”) vulnerabilities.",fact extraction,easy
What can happen to a customer's systems if adversaries exploit product vulnerabilities before security patches are installed?,Adversaries can install additional malware to further compromise customers’ systems.,"Product vulnerabilities can persist even after we have issued security patches if customers have not installed the most recent updates, or if the attackers exploited the vulnerabilities before patching to install additional malware to further compromise customers’ systems.",fact extraction,easy
What type of software can contain vulnerabilities that may make products susceptible to cyberattacks?,Open source software.,Open source software can also contain vulnerabilities that may make our products susceptible to cyberattacks as we increasingly incorporate open source software into our products.,fact extraction,easy
What is a potential security risk associated with incorporating open source software into products?,Open source software can contain vulnerabilities that may make products susceptible to cyberattacks.,Open source software can also contain vulnerabilities that may make our products susceptible to cyberattacks as we increasingly incorporate open source software into our products.,fact extraction,easy
Why may the company not be able to discontinue support for a product or service even if a more secure alternative is available?,"The company may not be able to discontinue support in its services for a product, service, standard, or feature solely because a more secure alternative is available because customers expect the company's products and services to support all their systems and products.","They expect our products and services to support all these systems and products, including those that no longer incorporate the strongest current security advances or standards. As a result, we may not be able to discontinue support in our services for a product, service, standard, or feature solely because a more secure alternative is available.",multi-step reasoning,medium
"What is the potential impact of cyberattacks on the company's business, financial condition, and results of operations?","Cyberattacks could result in reputational harm, loss of revenue, increased costs, or otherwise adversely affect the company's business, financial condition, and results of operations.","Any of the foregoing events could result in reputational harm, loss of revenue, increased costs, or otherwise adversely affect our business, financial condition, and results of operations.",fact extraction,easy
What are some potential risks associated with the company's adoption of new technologies and increasing use of generative AI models?,"The company's adoption of new technologies and increasing use of generative AI models may create new attack surfaces or methods for adversaries, and its business policies and internal security controls may not keep pace with these changes.",Increasing use of generative AI models in our internal systems may create new attack surfaces or methods for adversaries. Our business policies and internal security controls may not keep pace with these changes as new threats emerge or the emerging cybersecurity regulations in jurisdictions worldwide.,multi-step reasoning,medium
"What are the potential consequences of security threats to the company's business, financial condition, and results of operations?","reputational harm, loss of revenue, increased costs, or otherwise adversely affect our business, financial condition, and results of operations","Any of the foregoing events could result in reputational harm, loss of revenue, increased costs, or otherwise adversely affect our business, financial condition, and results of operations.",fact extraction,easy
What is a potential impact of implementing defensive measures to protect products and customer-facing services?,reduce our operating margins,The cost of these measures to protect products and customer-facing services could reduce our operating margins.,fact extraction,easy
What are some potential consequences of failing to provide adequate security measures for our products and customer-facing services?,"harm our reputation and lead customers to exercise contractual or other remedies against us, reduce or delay future purchases of products or subscriptions to services, or to use competing products or services","If we fail to do these things well, actual or perceived security vulnerabilities in our processes, products, and services, data corruption issues, or reduced performance could harm our reputation and lead customers to exercise contractual or other remedies against us, reduce or delay future purchases of products or subscriptions to services, or to use competing products or services.",fact extraction,easy
Which industries have enhanced or specialized expectations and requirements that our products and services must meet?,"financial services, health care, and government","Customers in certain industries such as financial services, health care, and government have enhanced or specialized expectations and requirements to which we must develop and engineer our products and services.",fact extraction,easy
What could happen to the company's reputation and results of operations if there is a security vulnerability in one of the components of its products?,"The company could experience adverse impacts to its results of operations, reputation, or competitive position.","If there is a security vulnerability in one of these components, and if there is a security exploit targeting it, we could experience adverse impacts to our results of operations, reputation, or competitive position.",fact extraction,easy
What is a potential risk the company faces as it continues to grow its cloud-based offerings and stores and processes increasingly large amounts of personal data?,The company faces the risk of improper disclosure or misuse of customer or user data.,"Despite our efforts to improve the security controls across our business groups and geographies, it is possible our security controls over personal data, our training of employees and third parties on data security, and other practices we follow may not prevent the improper disclosure or misuse of customer or user data we or our vendors store and manage.",fact extraction,medium
What are the potential consequences of improper disclosure or misuse of customer or user data?,"harm our reputation, lead to legal exposure to customers or users, or subject us to liability under laws that protect personal data, resulting in increased costs or loss of revenue","Improper disclosure or misuse could harm our reputation, lead to legal exposure to customers or users, or subject us to liability under laws that protect personal data, resulting in increased costs or loss of revenue.",fact extraction,easy
"What may happen if perceptions arise that the collection, use, and retention of personal information is not satisfactorily protected?","inhibit sales of our products or services and could limit adoption of our cloud-based solutions by consumers, businesses, and government entities","Despite our efforts to protect customer and user data, perceptions that the collection, use, and retention of personal information is not satisfactorily protected could inhibit sales of our products or services and could limit adoption of our cloud-based solutions by consumers, businesses, and government entities.",fact extraction,easy
What may happen if perceptions of personal information protection are negative?,Inhibit sales of products or services and limit adoption of cloud-based solutions,"Despite our efforts to protect customer and user data, perceptions that the collection, use, and retention of personal information is not satisfactorily protected could inhibit sales of our products or services and could limit adoption of our cloud-based solutions by consumers, businesses, and government entities.",fact extraction,easy
"What is required to defend against security threats to internal infrastructure, cloud-based services, and customers’ systems?","A complex and multifaceted approach including continuously engineering more secure products and services, and enhancing security, threat detection, and reliability features","This includes continuously engineering more secure products and services, and enhancing security, threat detection, and reliability features.",fact extraction,medium
"What are some measures that must be taken to defend against security threats to internal infrastructure, cloud-based services, and customers' systems?","continuously engineering more secure products and services, enhancing security, threat detection, and reliability features, escalating and improving development processes and software updates, developing mitigation technologies, maintaining digital security infrastructure, and providing security tools","This includes continuously engineering more secure products and services, and enhancing security, threat detection, and reliability features. We must also escalate and improve our development processes and the deployment of software updates to address security vulnerabilities in our own products as well as those provided by others in a timely manner. In addition, we must develop mitigation technologies that help to secure customers from attacks even when software updates are not deployed, and maintain the digital security infrastructure that protects the integrity of our network, products, and services. Further, we must provide security tools such as firewalls, anti-virus software, and advanced security and information about the need to deploy security measures and the impact of doing so.",fact extraction,medium
What could be a potential consequence of failing to effectively implement defensive measures against security threats?,"harm our reputation and lead customers to exercise contractual or other remedies against us, reduce or delay future purchases of products or subscriptions to services, or to use competing products or services","If we fail to do these things well, actual or perceived security vulnerabilities in our processes, products, and services, data corruption issues, or reduced performance could harm our reputation and lead customers to exercise contractual or other remedies against us, reduce or delay future purchases of products or subscriptions to services, or to use competing products or services.",fact extraction,easy
"What are some potential consequences of failing to address security vulnerabilities in processes, products, and services?","harm our reputation and lead customers to exercise contractual or other remedies against us, reduce or delay future purchases of products or subscriptions to services, or to use competing products or services","If we fail to do these things well, actual or perceived security vulnerabilities in our processes, products, and services, data corruption issues, or reduced performance could harm our reputation and lead customers to exercise contractual or other remedies against us, reduce or delay future purchases of products or subscriptions to services, or to use competing products or services.",fact extraction,easy
"What type of expectations and requirements do customers in certain industries such as financial services, health care, and government have?",enhanced or specialized expectations and requirements,"Customers in certain industries such as financial services, health care, and government have enhanced or specialized expectations and requirements to which we must develop and engineer our products and services.",fact extraction,easy
What is a potential risk associated with the company's products operating in conjunction with third-party products and components?,"The company could experience adverse impacts to its results of operations, reputation, or competitive position if there is a security vulnerability in one of these components.","Our products operate in conjunction with and are dependent on products and components across a broad ecosystem of third parties. If there is a security vulnerability in one of these components, and if there is a security exploit targeting it, we could experience adverse impacts to our results of operations, reputation, or competitive position.",fact extraction,easy
What is a concern related to the company's growing cloud-based offerings and storage of personal data?,The company may not prevent the improper disclosure or misuse of customer or user data despite its efforts to improve security controls.,"Despite our efforts to improve the security controls across our business groups and geographies, it is possible our security controls over personal data, our training of employees and third parties on data security, and other practices we follow may not prevent the improper disclosure or misuse of customer or user data we or our vendors store and manage.",fact extraction,medium
What are the potential consequences of failing to identify or mitigate insider threat activities or unauthorized use of customer and user data by third parties?,"harm our reputation, lead to legal exposure to customers or users, or subject us to liability under laws that protect personal data, resulting in increased costs or loss of revenue","In addition, third parties who have limited access to our customer or user data may use this data in unauthorized ways. Improper disclosure or misuse could harm our reputation, lead to legal exposure to customers or users, or subject us to liability under laws that protect personal data, resulting in increased costs or loss of revenue.",fact extraction,easy
"What may happen to sales of products or services if there are perceptions that the collection, use, and retention of personal information is not satisfactorily protected?","inhibit sales of our products or services and could limit adoption of our cloud-based solutions by consumers, businesses, and government entities","Despite our efforts to protect customer and user data, perceptions that the collection, use, and retention of personal information is not satisfactorily protected could inhibit sales of our products or services and could limit adoption of our cloud-based solutions by consumers, businesses, and government entities.",fact extraction,easy
What are some potential negative consequences of preventing or responding to actions that may violate terms of service or be objectionable or illegal?,"adversely affecting our business, financial condition, and results of operations","Preventing or responding to these actions may require us to make substantial investments in people and technology and these investments may not be successful, adversely affecting our business, financial condition, and results of operations.",fact extraction,easy
What is a challenge in discovering harmful or illegal content on the platform?,"the scale, the limitations of existing technologies, and conflicting legal frameworks","We may not proactively discover such content due to scale, the limitations of existing technologies, and conflicting legal frameworks.",fact extraction,easy
What are the potential consequences of failing to comply with content requirements?,"enhanced regulatory oversight, civil or criminal liability, or reputational damage","Failure to comply with content requirements may subject us to enhanced regulatory oversight, civil or criminal liability, or reputational damage, which could adversely affect our business, financial condition, and results of operations.",fact extraction,easy
What kind of risks are associated with the use of the company's products and services?,"security, privacy, and execution risks","Our products and services, how they are used by customers, and how third-party products and services interact with them, may present security, privacy, and execution risks.",fact extraction,easy
What are the potential consequences if our products and services do not work as intended or are used in unintended ways?,"We may be subject to legal claims or enforcement actions, which may increase our costs, damage our reputation, or adversely affect our results of operations.","If our products and services do not work as intended, are utilized in methods not intended, violate the law, or harm individuals or businesses, we may be subject to legal claims or enforcement actions. These risks, if realized, may increase our costs, damage our reputation, or adversely affect our results of operations.",fact extraction,easy
Why might we fail to proactively discover harmful or illegal content on our services?,"We might not proactively discover such content due to scale, the limitations of existing technologies, and conflicting legal frameworks.","We may not proactively discover such content due to scale, the limitations of existing technologies, and conflicting legal frameworks.",fact extraction,easy
"What are some potential risks associated with AI developed by Microsoft or others, including OpenAI?","AI algorithms or training methodologies may be flawed. Datasets may be overbroad, insufficient, or contain biased or inaccurate information. Content generated by AI systems may be offensive, illegal, inaccurate, or otherwise harmful.","As with many innovations, AI presents risks and challenges that could affect its adoption, and therefore our business. AI algorithms or training methodologies may be flawed. Datasets may be overbroad, insufficient, or contain biased or inaccurate information. Content generated by AI systems may be offensive, illegal, inaccurate, or otherwise harmful.",fact extraction,easy
What is one emerging regulatory example mentioned in the passage related to AI?,the European Union (“EU”,"They are further compounded by the evolving regulatory landscape, with new laws emerging globally, including the European Union (“EU”).",fact extraction,easy
What are some potential risks associated with the implementation of AI systems?,"These risks may stem from issues related to intellectual property, data privacy, and other claims associated with AI training and outputs.","Our implementation of AI systems could result in legal liability, regulatory action, brand, reputational, or competitive harm, or other adverse impacts. These risks may stem from issues related to intellectual property, data privacy, and other claims associated with AI training and outputs.",fact extraction,easy
What is a potential consequence of failing to maintain an adequate operations infrastructure?,"excessive outages, data losses, and disruptions of our online services","We may have excessive outages, data losses, and disruptions of our online services if we fail to maintain an adequate operations infrastructure.",fact extraction,easy
What are some factors that could adversely affect the cost or availability of the dependencies required for the company's datacenters?,"the transition to a clean energy economy, local and regional environmental regulations, and geopolitical disruptions","The cost or availability of these dependencies could be adversely affected by a variety of factors, including the transition to a clean energy economy, local and regional environmental regulations, and geopolitical disruptions.",fact extraction,easy
What is driving the increasing demands for computing power at the company?,"increasing user traffic, growth in services, and the complexity of products and services","Our increasing user traffic, growth in services, and the complexity of our products and services demand more computing power.",fact extraction,easy
What are the potential consequences of inefficiencies or operational failures in maintaining the infrastructure?,"contractual liability, claims by customers and other third parties, regulatory actions, damage to our reputation, and loss of current and potential users, subscribers, and advertisers","Inefficiencies or operational failures, including temporary or permanent loss of customer data, outages, insufficient Internet connectivity, insufficient or unavailable power or water supply, or inadequate storage and compute capacity could diminish the quality of our products, services, and user experience, resulting in contractual liability, claims by customers and other third parties, regulatory actions, damage to our reputation, and loss of current and potential users, subscribers, and advertisers, each of which could adversely affect our business, operations, financial condition, and results of operations.",fact extraction,easy
Why is it necessary to identify and evaluate opportunities to expand datacenter locations and increase server capacity?,"to meet the evolving needs of customers, particularly given the growing demand for AI services","We continue to identify and evaluate opportunities to expand our datacenter locations and increase our server capacity to meet the evolving needs of our customers, particularly given the growing demand for AI services.",fact extraction,easy
What are some potential risks to Microsoft's datacenter capacity and product delivery?,"Component shortages or delays due to supplier capacity constraints, industry shortages, or legal/regulatory changes; disruptions in the supply chain in Asia and other geographies where hardware is assembled.","If components are delayed or become unavailable, whether because of supplier capacity constraint, industry shortages, legal or regulatory changes that restrict supply sources, or other reasons, we may not obtain timely replacement supplies, resulting in reduced sales or inadequate datacenter capacity to support the delivery and continued development of our products and services. Datacenter servers, Xbox consoles, Surface devices, and other hardware are assembled in Asia and other geographies that may be subject to disruptions in the supply chain, resulting in shortages which could adversely affect our business, operations, financial condition, and results of operations.",fact extraction,easy
"How might issues with AI development, deployment, and use impact Microsoft?",Reputational or competitive harm or liability.,"Issues in the development, deployment, and use of AI may result in reputational or competitive harm or liability.",fact extraction,easy
What are some potential risks associated with AI adoption that could affect Microsoft's business?,"AI algorithms or training methodologies may be flawed. Datasets may be overbroad, insufficient, or contain biased or inaccurate information. Content generated by AI systems may be offensive, illegal, inaccurate, or otherwise harmful.","As with many innovations, AI presents risks and challenges that could affect its adoption, and therefore our business. AI algorithms or training methodologies may be flawed. Datasets may be overbroad, insufficient, or contain biased or inaccurate information. Content generated by AI systems may be offensive, illegal, inaccurate, or otherwise harmful.",fact extraction,easy
What is one area where new laws are emerging globally that could impact Microsoft's AI implementation?,The European Union (EU).,"These risks may stem from issues related to intellectual property, data privacy, and other claims associated with AI training and outputs. They are further compounded by the evolving regulatory landscape, with new laws emerging globally, including the European Union (“EU”).",fact extraction,easy
What is a consequence of failing to maintain an adequate operations infrastructure?,"We may have excessive outages, data losses, and disruptions of our online services.","We may have excessive outages, data losses, and disruptions of our online services if we fail to maintain an adequate operations infrastructure.",fact extraction,easy
What are some potential risks to Microsoft's datacenter capacity and product delivery?,"Component shortages, delays or unavailability of hardware components, and disruptions in the supply chain could adversely affect Microsoft's business, operations, financial condition, and results of operations.","If components are delayed or become unavailable, whether because of supplier capacity constraint, industry shortages, legal or regulatory changes that restrict supply sources, or other reasons, we may not obtain timely replacement supplies, resulting in reduced sales or inadequate datacenter capacity to support the delivery and continued development of our products and services.",fact extraction,easy
What are the potential consequences of weaknesses in the company's processes for detecting and fixing defects in pre-release testing?,"reduced sales, damage to our reputation, repair or remediation costs, delays in the release of new products or versions, or legal liability","Weaknesses in our processes could result in defects we do not detect and fix in pre-release testing, which could cause reduced sales, damage to our reputation, repair or remediation costs, delays in the release of new products or versions, or legal liability, and could adversely affect our business, financial condition, and results of operations.",fact extraction,easy
"What type of products are highly complex and may be subject to recalls, safety alerts, or product liability claims if defects are not prevented, detected, or addressed?","hardware products such as Xbox consoles, Surface devices, and other devices we design and market","Our hardware products such as Xbox consoles, Surface devices, and other devices we design and market are highly complex. Failure to prevent, detect, or address defects in design, manufacture, or associated software could result in recalls, safety alerts, or product liability claims, which could adversely affect our business and results of operations.",fact extraction,easy
"What are the potential consequences of defects in the design, manufacture, or associated software of the company's hardware products?","Recalls, safety alerts, or product liability claims, which could adversely affect the business and results of operations.","Failure to prevent, detect, or address defects in design, manufacture, or associated software could result in recalls, safety alerts, or product liability claims, which could adversely affect our business and results of operations.",fact extraction,easy
"What trend is observed in laws and regulations regarding the company's services, particularly in the EU?","Laws in several jurisdictions, including EU Member State laws, increasingly define certain of the company's services as regulated services.","Laws in several jurisdictions, including EU Member State laws under the European Electronic Communications Code, increasingly define certain of our services as regulated services.",fact extraction,easy
What are some examples of laws and regulations that may impact the company's products and services?,Examples include laws and regulations regarding competition laws and new market regulation.,Examples include laws and regulations regarding: • Competition laws and new market regulation:,fact extraction,easy
Which jurisdictions allow competitors or consumers to assert claims of anti-competitive conduct?,Some jurisdictions allow competitors or consumers to assert claims of anti-competitive conduct.,Some jurisdictions also allow competitors or consumers to assert claims of anti-competitive conduct.,fact extraction,easy
What are the potential consequences of weaknesses in the company's software development processes?,"reduced sales, damage to our reputation, repair or remediation costs, delays in the release of new products or versions, or legal liability","Weaknesses in our processes could result in defects we do not detect and fix in pre-release testing, which could cause reduced sales, damage to our reputation, repair or remediation costs, delays in the release of new products or versions, or legal liability, and could adversely affect our business, financial condition, and results of operations.",fact extraction,easy
What is a factor that may magnify the impact of quality or reliability issues with the company's products and services?,interaction with third-party products and services,Our products and services may be impacted by interaction with third-party products and services.,fact extraction,easy
"What are the potential consequences of defects in the design, manufacture, or associated software of the company's hardware products?","recalls, safety alerts, or product liability claims","Failure to prevent, detect, or address defects in design, manufacture, or associated software could result in recalls, safety alerts, or product liability claims, which could adversely affect our business and results of operations.",fact extraction,easy
"What trend is observed in several jurisdictions, including EU Member State laws, regarding the company's services?",increasingly define certain of our services as regulated services,"Laws in several jurisdictions, including EU Member State laws under the European Electronic Communications Code, increasingly define certain of our services as regulated services.",fact extraction,easy
What are some of the regulatory requirements that affect Microsoft's operations in and outside the U.S. relating to trade and investment?,"Economic sanctions, U.S. export controls, U.S. import controls, and supply chain regulations.","Trade: Increasing trade laws, policies, sanctions, and other regulatory requirements also affect our operations in and outside the U.S. relating to trade and investment. Economic sanctions in the U.S., the EU, and other countries prohibit most business with restricted entities or countries. U.S. export controls restrict Microsoft from offering many of its products and services to, or making investments in, certain entities in specified countries. U.S. import controls restrict us from integrating certain information and communication technologies into our supply chain and allow for government review of transactions involving information and communications technology from countries determined to be foreign adversaries. Supply chain regulations may impact the availability of goods or result in additional regulatory scrutiny.",fact extraction,medium
"How might changes in U.S. policies, such as tariff and AI export controls policies, impact Microsoft's operations?","Changes in U.S. policies, such as tariff and AI export controls policies, could increase operational costs, create uncertainty in the continuity of Microsoft's products, and accelerate sovereignty initiatives among international partners and customers.","U.S. tariff and shifting AI export controls policies, like the AI Diffusion Rule, could increase operational costs, create uncertainty in the continuity of our products, and accelerate sovereignty initiatives among international partners and customers.",fact extraction,easy
What are some of the evolving legal requirements that could impact the company's products and services?,"Legal requirements relating to the collection, storage, handling, and transfer of personal data globally, new and evolving rules and restrictions on the flow of data across borders, and laws, regulations, and policies relating to environmental, social, and governance matters.","Handling of personal data: Legal requirements relating to the collection, storage, handling, and transfer of personal data globally continue to evolve. ... Environmental, Social, and Governance: Laws, regulations, and policies relating to environmental, social, and governance matters are being developed and formalized in Europe, the U.S., and elsewhere",fact extraction,easy
What specific regulation imposes a range of compliance obligations regarding the handling of personal data?,The EU General Data Protection Regulation (GDPR).,"In addition, the EU General Data Protection Regulation (“GDPR”) and other similar regulations impose a range of compliance obligations regarding the handling of personal data.",fact extraction,easy
What are the company's sustainability goals by 2030?,"The company aims to become carbon negative, water positive, and zero waste by 2030.","In addition, in 2020 we announced goals to become carbon negative, water positive, and zero waste by 2030.",fact extraction,easy
What are the potential consequences of noncompliance with laws and regulations for Microsoft?,"The imposition of penalties, criminal sanctions, or orders to cease the alleged noncompliant activity.","Noncompliance could result in the imposition of penalties, criminal sanctions, or orders to cease the alleged noncompliant activity.",fact extraction,easy
What restricts Microsoft from offering many of its products and services to certain entities in specified countries?,U.S. export controls.,"U.S. export controls restrict Microsoft from offering many of its products and services to, or making investments in, certain entities in specified countries.",fact extraction,easy
What are some potential impacts of U.S. tariff and shifting AI export controls policies on Microsoft's operations?,"U.S. tariff and shifting AI export controls policies, like the AI Diffusion Rule, could increase operational costs, create uncertainty in the continuity of products, and accelerate sovereignty initiatives among international partners and customers.","U.S. tariff and shifting AI export controls policies, like the AI Diffusion Rule, could increase operational costs, create uncertainty in the continuity of our products, and accelerate sovereignty initiatives among international partners and customers.",fact extraction,easy
What is a potential consequence of periods of intense diplomatic or armed conflict on Microsoft's trade with sanctioned individuals and countries?,"new and rapidly evolving sanctions and trade restrictions, which may impair trade with sanctioned individuals and countries","Periods of intense diplomatic or armed conflict like the ongoing conflict in Ukraine and the Israel-Hamas conflict could result in (1) new and rapidly evolving sanctions and trade restrictions, which may impair trade with sanctioned individuals and countries, and (2) negative impacts to regional trade ecosystems among our customers, partners, and us.",fact extraction,medium
What is one regulation that imposes compliance obligations regarding the handling of personal data?,The EU General Data Protection Regulation (GDPR),The EU General Data Protection Regulation (“GDPR”) and other similar regulations impose a range of compliance obligations regarding the handling of personal data.,fact extraction,easy
What could restrictions on the flow of data across borders do to the cost and complexity of delivering products and services?,increase the cost and complexity,New and evolving rules and restrictions on the flow of data across borders could increase the cost and complexity of delivering our products and services.,fact extraction,easy
What goals did the company announce in 2020 regarding its environmental impact?,"The company announced goals to become carbon negative, water positive, and zero waste by 2030.","In addition, in 2020 we announced goals to become carbon negative, water positive, and zero waste by 2030.",fact extraction,easy
What could be the consequences of failing to meet the company's sustainability goals or regulatory requirements?,"Claims and lawsuits, regulatory actions, penalties, or damage to our reputation, each of which could adversely affect our business, operations, financial condition, and results of operations.","Any failure or perceived failure to meet our sustainability goals, or to meet various sustainability regulatory requirements, could result in claims and lawsuits, regulatory actions, penalties, or damage to our reputation, each of which could adversely affect our business, operations, financial condition, and results of operations.",fact extraction,medium
What are the potential consequences if the company fails to satisfy contractual or regulatory requirements in its government contracts?,"The company could be suspended or debarred as a governmental contractor, incur civil and criminal fines and penalties, and have contracts rescinded.","If we do not satisfy contractual or regulatory requirements, we could be suspended or debarred as a governmental contractor, we could incur civil and criminal fines and penalties, and under certain circumstances contracts may be rescinded.",fact extraction,easy
"What type of events could negatively impact the company's financial condition, results of operations, and reputation?","Events such as government audits and investigations, failure to satisfy contractual or regulatory requirements, termination of contracts without cause, and changes in periodic funding approval.","These events could negatively impact our financial condition, results of operations, and reputation.",fact extraction,medium
What is the current tax audit status of the company with the IRS?,The company is currently under IRS audit for prior tax years and has received Notices of Proposed Adjustment (“NOPAs”) from the IRS for the tax years 2004 to 2013.,We are currently under IRS audit for prior tax years and have received Notices of Proposed Adjustment (“NOPAs”) from the IRS for the tax years 2004 to 2013.,fact extraction,easy
What are some potential reasons for the company to recognize additional tax expense and be subject to additional tax liabilities?,"Changes in tax laws, regulations, and administrative practices and principles, including changes to the global tax framework, in various jurisdictions.","We may recognize additional tax expense and be subject to additional tax liabilities due to changes in tax laws, regulations, and administrative practices and principles, including changes to the global tax framework, in various jurisdictions.",fact extraction,easy
What is the amount of additional tax payment sought by the IRS for the tax years 2004 to 2013?,$28.9 billion,"The NOPAs, the IRS is seeking an additional tax payment of $28.9 billion plus penalties and interest.",fact extraction,easy
What are some potential consequences if the company fails to satisfy contractual or regulatory requirements for government contracts?,"The company could be suspended or debarred as a governmental contractor, incur civil and criminal fines and penalties, and have contracts rescinded.","If we do not satisfy contractual or regulatory requirements, we could be suspended or debarred as a governmental contractor, we could incur civil and criminal fines and penalties, and under certain circumstances contracts may be rescinded.",fact extraction,easy
What type of revenue does the company derive from government contracts?,The company derives substantial revenue from government contracts.,We derive substantial revenue from government contracts.,fact extraction,easy
What are the potential consequences if we fail to satisfy contractual or regulatory requirements as a governmental contractor?,"We could be suspended or debarred, incur civil and criminal fines and penalties, and have contracts rescinded.","If we do not satisfy contractual or regulatory requirements, we could be suspended or debarred as a governmental contractor, we could incur civil and criminal fines and penalties, and under certain circumstances contracts may be rescinded.",fact extraction,easy
What is a possible reason for recognizing additional tax expense and being subject to additional tax liabilities?,"Changes in tax laws, regulations, and administrative practices and principles, including changes to the global tax framework.","We may recognize additional tax expense and be subject to additional tax liabilities due to changes in tax laws, regulations, and administrative practices and principles, including changes to the global tax framework, in various jurisdictions.",fact extraction,easy
What is the amount of additional tax payment being sought by the IRS in the Notices of Proposed Adjustment (NOPAs) for the tax years 2004 to 2013?,$28.9 billion,"The NOPAs, the IRS is seeking an additional tax payment of $28.9 billion plus penalties and interest.",fact extraction,easy
What could cause the company's effective tax rates to increase?,"A change in the mix of earnings and losses in countries with differing statutory tax rates, changes in business or structure, or the expiration of or disputes about certain tax agreements.","A change in the mix of earnings and losses in countries with differing statutory tax rates, changes in our business or structure, or the expiration of or disputes about certain tax agreements in a particular country may result in higher effective tax rates for the company.",fact extraction,easy
What is critical to the company's business?,"Source code, the detailed program commands for operating systems and other software programs.","Source code, the detailed program commands for our operating systems and other software programs, is critical to our business.",fact extraction,easy
What is critical to the company's business?,Source code,"Source code, the detailed program commands for our operating systems and other software programs, is critical to our business.",fact extraction,easy
What could be a consequence of the company's source code leaking?,"It might lose future trade secret protection for that code, and third parties could compete with its products by copying functionality.","If our source code leaks, we might lose future trade secret protection for that code. It may then become easier for third parties to compete with our products by copying functionality, which could adversely affect our results of operations.",multi-step reasoning,medium
What are some potential consequences of adverse outcomes related to intellectual property rights and technology usage?,"monetary damages or injunctive relief that may limit or prevent importing, marketing, and selling products or services","Adverse outcomes could also include monetary damages or injunctive relief that may limit or prevent importing, marketing, and selling our products or services that have infringing technologies.",fact extraction,easy
How have the company's past actions regarding intellectual property rights and technology usage impacted its financials?,The company has paid significant amounts to settle claims related to the use of technology and intellectual property rights and to procure intellectual property rights,"We have paid significant amounts to settle claims related to the use of technology and intellectual property rights and to procure intellectual property rights as part of our strategy to manage this risk, and may continue to do so, which could adversely affect our results of operations.",fact extraction,easy
What type of securities make up a significant part of the company's investment portfolio?,U.S. government securities,A significant part of our investment portfolio comprises U.S. government securities.,fact extraction,easy
What could happen to the company's investment portfolio if there is a downgrade of the U.S. government credit rating due to an actual or threatened default on government debt?,"Our investment portfolio could be adversely affected and we could determine that more of our investments have experienced a decline in fair value, requiring impairment charges that could adversely affect our financial condition and results of operations.","If global financial markets decline for long periods, or if there is a downgrade of the U.S. government credit rating due to an actual or threatened default on government debt, our investment portfolio could be adversely affected and we could determine that more of our investments have experienced a decline in fair value, requiring impairment charges that could adversely affect our financial condition and results of operations.",multi-step reasoning,medium
What could happen to the company's products if its source code leaks?,"It may then become easier for third parties to compete with our products by copying functionality, which could adversely affect our results of operations.","If our source code leaks, we might lose future trade secret protection for that code. It may then become easier for third parties to compete with our products by copying functionality, which could adversely affect our results of operations.",fact extraction,easy
What are some factors that could damage the company's reputation or brands?,"product safety or quality issues, environmental impact and sustainability, supply chain practices, human rights record, introduction of new features, products, services, or terms of service that customers, users, or partners do not like, public scrutiny of decisions regarding user privacy, data practices, content, or development and deployment of AI, data security breaches, cybersecurity incidents, responsible AI failures, compliance failures, or actions of partners or individual employees.","These include product safety or quality issues, our environmental impact and sustainability, supply chain practices, or human rights record. There are numerous ways our reputation or brands could be damaged. ... Damage to our reputation or our brands may occur from, among other things:",fact extraction,easy
How might adverse economic or market conditions affect the company's business?,lower IT spending and adversely affect results of operations,"Adverse economic or market conditions could harm our business. Worsening economic conditions, including inflation, recession, pandemic, or other changes in economic conditions, may cause lower IT spending and adversely affect our results of operations.",fact extraction,easy
"What could worsening economic conditions, including inflation, recession, pandemic, or other changes in economic conditions, cause?",lower IT spending and adversely affect results of operations,"Worsening economic conditions, including inflation, recession, pandemic, or other changes in economic conditions, may cause lower IT spending and adversely affect our results of operations.",fact extraction,easy
What type of securities comprise a significant part of the company's investment portfolio?,U.S. government securities,A significant part of our investment portfolio comprises U.S. government securities.,fact extraction,easy
What are some of the risks associated with the company's investment portfolio?,"The company's investment portfolio is subject to general credit, liquidity, market, and interest rate risks, which may be exacerbated by market downturns or events that affect global financial markets.","We maintain an investment portfolio of various holdings, types, and maturities. These investments are subject to general credit, liquidity, market, and interest rate risks, which may be exacerbated by market downturns or events that affect global financial markets.",fact extraction,easy
What could be a potential negative consequence of prolonged service outages given the company's increasing provision of services and solutions in the cloud?,Harm to the company's ability to conduct normal business operations or adversely affect its results of operations,Providing our customers with more services and solutions in the cloud puts a premium on the resilience of our systems and strength of our business continuity management plans and magnifies the potential negative consequences of prolonged service outages.,multi-step reasoning,medium
What are some of the global economic developments that could adversely affect the company's results of operations?,"Global, regional, and local economic developments, monetary policy, geopolitical tension, particularly between the U.S. and Europe, restrictions on international trade, such as tariffs and other controls on imports or exports, inflation, and recession, as well as political and military disputes.","The global nature of our business creates operational, economic, and geopolitical risks. Global, regional, and local economic developments, monetary policy, geopolitical tension, particularly between the U.S. and Europe, restrictions on international trade, such as tariffs and other controls on imports or exports, inflation, and recession, as well as political and military disputes, could adversely affect our results of operations.",fact extraction,easy
What are some potential consequences of non-compliance with sanctions for the company?,"Reputational harm, operational delays, monetary fines, loss of revenue, increased costs, loss of export privileges, or criminal sanctions.","Non-compliance with sanctions as well as general ecosystem disruptions could result in reputational harm, operational delays, monetary fines, loss of revenue, increased costs, loss of export privileges, or criminal sanctions, which could adversely affect our business, financial condition, and results of operations.",fact extraction,easy
What are the locations of our corporate and other essential operations that could be at risk due to a catastrophic events?,"Our corporate, corporate is in Seattle, Seattle, Washington and we have other business operations in the Silicon Valley of  of California.","Our corporate , a significant of  of our research and development activities , certain  certain other essential operations are in Seattle , Seattle ,  Washington , Washington ,  and we have  other business operations  operations in the Silicon  Silicon Valley  Valley  Valley of California , California ,",fact extraction,easy
How might geopolitical changes impact our business operations and operations and profitability?,"Geopolitical change result  result in changing  changing  changing systems  systems and  and  and requirements  requirements  requirements market  market market interventions  interventions  interventions  that  that  that impact  impact  impact our  our operating  operating , access  access to  to ,  to , regional  regional , global  global markets  markets ,  markets .","Geopolitical change result  result in changing  changing  changing systems  systems  and  and  and requirements  requirements  requirements market  market market interventions  interventions  interventions  interventions that  that  that impact  impact  impact our  our operating  operating , access  access to  to ,  to , regional  regional , global  global markets  markets ,  markets .",multi-step reasoning,
What are are the locations  locations of our  our corporate  corporate  and  and other  other essential  essential operations  operations  operations that  that could  could  could be  be  be at  at  at risk  risk  risk due  due  due to  to  to a  a  a catastrophic  catastrophic events  catastrophic  events  events ?,"Our Our corporate  corporate  corporate ,  , a  a significant  significant  significant of  of  of our  our research  our  research  and  and  and  and development  development  and  development  and  and  certain  certain  certain  certain  and  other  and  other  other  other essential  essential  essential  essential operations  operations  operations  operations  are  are are  are  are  are in  are  in  in  in Seattle  Seattle  Seattle  Seattle ,  , Washington  ,  ,  Washington  ,  Washington  ,  and  and  and  and  and  we  we  we  we  have  we  have  have  have  have  have  other  other  other  other  other business  business  business  business  business  business operations  operations  operations  operations  operations  operations  operations  in  in  in  in  in  the  the  Silicon  Silicon  Silicon  Silicon  Silicon  Silicon  Silicon  Silicon  Valley  Valley  Valley  Valley  Valley  Valley  Valley  Valley  of  of  of  of  of  California  California  California  California .","Our corporate , Our , a significant , a , significant , significant of , a  of , significant , significant ,  of , of ,  our , our , our ,  research , research ,  and , and , and ,  development , and ,  activities ,  certain , certain ,  and , certain ,  and , and ,  other , other ,  essential ,  essential , essential ,  operations ,  are , are , are ,  are , are , are ,  in , are ,  Seattle , in , Seattle , Seattle ,  , Washington , Washington ,  ,  and , and , and ,  we , we , we ,  have , have , have ,  other , other , other ,  business , business , business ,  operations , operations , operations ,  ,  in ,  the ,  Silicon , Silicon , Silicon ,  Valley , Valley , Valley ,  ,  of ,  California , California .",fact extraction,easy
What are some potential consequences of emerging nationalist and protectionist trends on the company's trade and commercial environments?,"Changes to trade policy or agreements may result in higher tariffs, local sourcing initiatives, and non-local sourcing restrictions, export controls, investment restrictions, or other developments that make it more difficult to operate and sell products in foreign countries.","Emerging nationalist and protectionist trends and concerns about human rights, the environment, and political expression in specific countries may significantly alter the trade and commercial environments. Changes to trade policy or agreements as a result of populism, protectionism, or economic nationalism may result in higher tariffs, local sourcing initiatives, and non-local sourcing restrictions, export controls, investment restrictions, or other developments that make it more difficult to operate and sell our products in foreign countries.",fact extraction,easy
What is a factor that may inhibit the company's ability to adequately staff its research and development efforts?,"Restraints on the flow of technical and professional talent, including those derived from changes to U.S. immigration policies or laws.","Restraints on the flow of technical and professional talent, including those derived from changes to U.S. immigration policies or laws, may inhibit our ability to adequately staff our research and development efforts.",fact extraction,easy
How many days before the end of fiscal year 2025 did the Securities and Exchange Commission issue comments on periodic or current reports that remain unresolved?,180 days or more,We have received no written comments regarding our periodic or current reports from the staff of the Securities and Exchange Commission that were issued 180 days or more preceding the end of our fiscal year 2025 that remain unresolved.,fact extraction,easy
What are the three security principles of Microsoft's Secure Future Initiative (SFI)?,"The three security principles of Microsoft's Secure Future Initiative (SFI) are: Secure by Design, Secure by Default, and Secure Operations.","The SFI focuses our business strategy and efforts on continual improvement in cybersecurity protection, and is aligned around three security principles: • Secure by Design: Security comes first when designing any product or service. • Secure by Default: Security protections are enabled and enforced by default, require no extra effort, and are not optional. • Secure Operations: Security controls and monitoring will continuously be improved to meet current and future threats.",fact extraction,easy
How often does Microsoft assess its cybersecurity program's alignment with industry standards?,Microsoft assesses its cybersecurity program's alignment with industry standards annually.,"Annually, we assess our cybersecurity program’s alignment with the National Institute of Standards & Technology’s Cyber Security Framework (“NIST”) and other applicable industry standards.",fact extraction,easy
What standards does the company's cybersecurity program align with annually?,The National Institute of Standards & Technology’s Cyber Security Framework (“NIST”) and other applicable industry standards.,"Annually, we assess our cybersecurity program’s alignment with the National Institute of Standards & Technology’s Cyber Security Framework (“NIST”) and other applicable industry standards.",fact extraction,easy
What framework is the Enterprise Risk Management (“ERM”) organization structured using?,A framework based on the Committee of Sponsoring Organization (“COSO”) guidance on Enterprise Risk Management Integrating Strategy with Performance and it also aligns with the International Organization for Standardization 31000:2018 Risk Management Standard.,ERM is structured using a framework based on the Committee of Sponsoring Organization (“COSO”) guidance on Enterprise Risk Management Integrating Strategy with Performance and it also aligns with the International Organization for Standardization 31000:2018 Risk Management Standard.,fact extraction,easy
What framework does the company's ERM use for integrating strategy integration with enterprise risk?,The company uses a framework based on the Committee Sponsoring Organization (COSO) on Enterprise Risk Management Integrating Strategy with Strategy with the International Standardization  ISO 31000: 2018 Risk Management.,ERM is using a framework based on the Committee Sponsoring Organization(COSO) on Enterprise Risk Integrating Strategy with Strategy with and it also with the International Standardization  for Standardization31000:2018 Risk Management.,fact extraction,fact
How many signals does  does the company gain insights from daily from its machine learning and powered security tools?,The company gains insights from  from 84 trillion  trillion signals daily.,We utilize  machine learning and learning and powered security tools to gain insights from 84 trillion signals daily.,fact extraction,numeric
What standard does the company use for risk management?,The company uses  uses ISO  ISO 31000:  2018 Risk Management.,ERM is using a framework based on the  (COSO) on  on Enterprise  Enterprise Risk  Risk Integrating Strategy  Strategy with Strategy with  and it also with the  International  International  Standardization  Standardization for  for  for Standardization31000:  31000:  2018 Risk  Risk 2018 Risk Management.,fact extraction,fact
How does the company handle cybersecurity incidents?,The company utilizes well-established incident response plans that operate both across the company and at the product and services level.,"When we experience a cybersecurity incident, we utilize our well-established incident response plans that operate both across the company and at the product and services level.",fact extraction,easy
What is done after a cybersecurity incident is resolved?,A comprehensive post-incident review process is conducted.,"After the incident is resolved, a comprehensive post-incident review process is conducted.",fact extraction,easy
How often does the Board of Directors review cybersecurity risk?,"at least quarterly, or more frequently as determined to be necessary or advisable","Cybersecurity reviews by the Board are scheduled to occur at least quarterly, or more frequently as determined to be necessary or advisable.",fact extraction,easy
How often are cybersecurity reviews by the Board of Directors scheduled to occur?,"at least quarterly, or more frequently as determined to be necessary or advisable","Cybersecurity reviews by the Board are scheduled to occur at least quarterly, or more frequently as determined to be necessary or advisable.",fact extraction,easy
"Who leads the strategy, engineering, and operations of cybersecurity across the company?",Our CISO,"Our CISO leads the strategy, engineering, and operations of cybersecurity across the company, and reports to the EVP of Cloud + AI.",fact extraction,easy
Who does the CISO report to?,The EVP of Cloud + AI,"Our CISO leads the strategy, engineering, and operations of cybersecurity across the company, and reports to the EVP of Cloud + AI.",fact extraction,easy
What is the role of the Cybersecurity Governance Council (CGC)?,"The CGC is charged with overseeing initiatives that safeguard Microsoft’s computing environments, products, and services, and its responsibilities include approving the enterprise security risk assessment process and results, determining the appropriate cybersecurity risk level and mitigations, reviewing the NIST CSF alignment, and supporting compliance with cybersecurity regulations.","The CGC is comprised of an executive-level team of Deputy CISOs with cybersecurity backgrounds and expertise relevant to their roles. The CGC responsibilities include approving our enterprise security risk assessment process and results, determining the appropriate cybersecurity risk level and mitigations, reviewing the NIST CSF alignment, and supporting compliance with cybersecurity regulations.",fact extraction,medium
How often are cybersecurity reviews by the Board of Directors scheduled to occur?,at least quarterly,"Cybersecurity reviews by the Board are scheduled to occur at least quarterly, or more frequently as determined to be necessary or advisable.",fact extraction,easy
How frequently are cybersecurity reviews by the Board of Directors scheduled to occur?,"at least quarterly, or more frequently as determined to be necessary or advisable","Cybersecurity reviews by the Board are scheduled to occur at least quarterly, or more frequently as determined to be necessary or advisable.",fact extraction,easy
How frequently are cybersecurity reviews by the Board scheduled to occur?,At least quarterly,"Cybersecurity reviews by the Board are scheduled to occur at least quarterly, or more frequently as determined to be necessary or advisable.",fact extraction,easy
"What is the total square footage of space the company owns and leases in King County, Washington?",15 million square feet,"We have approximately 15 million square feet of space located in King County, Washington that is used for engineering, sales, marketing, and operations, among other general and administrative purposes.",fact extraction,easy
"How many registered holders of record of Microsoft's common stock were there on July 24, 2025?","77,014","On July 24, 2025, there were 77,014 registered holders of record of our common stock.",fact extraction,easy
How much did Microsoft return to shareholders in the form of share repurchases and dividends in the fourth quarter of fiscal year 2025?,$9.4 billion,We returned $9.4 billion to shareholders in the form of share repurchases and dividends in the fourth quarter of fiscal year 2025.,fact extraction,easy
How much was returned to shareholders in the form of share repurchases and dividends in the fourth quarter of fiscal year 2025?,$9.4 billion,We returned $9.4 billion to shareholders in the form of share repurchases and dividends in the fourth quarter of fiscal year 2025.,fact extraction,easy
How many shares of common stock were issued to the seller in May 2025 as consideration for the acquisition of a business?,"1,17,623","In May 2025, as consideration for the acquisition of a business, we issued 117,623 shares of common stock to the seller",fact extraction,easy
What was the revenue of Microsoft Cloud in fiscal year 2025?,$168.9 billion,Microsoft Cloud revenue increased 23% to $168.9 billion.,fact extraction,easy
By what percentage did Azure and other cloud services revenue grow in fiscal year 2025?,34%,Server products and cloud services revenue increased 23% driven by Azure and other cloud services revenue growth of 34%.,fact extraction,easy
What was the revenue growth of Dynamics 365?,19%,• Dynamics products and cloud services revenue increased 15% driven by Dynamics 365 revenue growth of 19%.,fact extraction,easy
What may happen to operating margins due to investments in cloud and AI infrastructure and devices?,They may decrease,The investments we are making in cloud and AI infrastructure and devices will continue to increase our operating costs and may decrease our operating margins.,fact extraction,easy
What are some factors that impact the company's ability to manufacture devices on time to meet consumer demands?,Extended interruptions at suppliers with very few other suppliers,"Our devices are primarily manufactured by third-party contract manufacturers.For the majority of our products, we have the ability to use other manufacturers if a current vendor is unavailable or unable to meet our requirements.However, some of our products contain components for which there are very few suppliers.",multi-step reasoning,hard
What are the names of the reportable segments of Microsoft's financial performance?,"Productivity and Business Processes, Intelligent Cloud, and More Personal Computing","We report our financial performance based on the following segments: Productivity and Business Processes, Intelligent Cloud, and More Personal Computing.",fact extraction,easy
Why were changes made to the composition of Microsoft's segments?,to align segments with how Microsoft currently manages its business,"These changes align our segments with how we currently manage our business, most notably bringing the commercial components of Microsoft 365 together in the Productivity and Business Processes segment.",fact extraction,medium
"What factors does the aggregate demand for the company's software, services, and devices correlate with?",global macroeconomic and geopolitical factors,"Aggregate demand for our software, services, and devices is also correlated to global macroeconomic and geopolitical factors, which remain dynamic.",fact extraction,easy
What could impact the company's ability to manufacture devices on time to meet consumer demand?,Extended disruptions at suppliers with very few qualified suppliers,Extended disruptions at these suppliers could impact our ability to manufacture devices on time to meet consumer demand.,fact extraction,easy
What factors contribute to the company's ability to attract talented individuals globally?,"The company offers an exceptional working environment, broad customer reach, scale in resources, the ability to grow one’s career across many different products and businesses, and competitive compensation and benefits.","We compete for talented individuals globally by offering an exceptional working environment, broad customer reach, scale in resources, the ability to grow one’s career across many different products and businesses, and competitive compensation and benefits.",fact extraction,easy
How does the company's revenue typically trend throughout the year?,The company's revenue fluctuates quarterly and is generally higher in the fourth quarter of its fiscal year.,Our revenue fluctuates quarterly and is generally higher in the fourth quarter of our fiscal year.,fact extraction,easy
What are the components of Microsoft's commercial business?,"Server products and cloud services, Microsoft 365 Commercial products and cloud services, the commercial portion of LinkedIn, Dynamics products and cloud services, and Enterprise and partner services.","Our commercial business primarily consists of Server products and cloud services, Microsoft 365 Commercial products and cloud services, the commercial portion of LinkedIn, Dynamics products and cloud services, and Enterprise and partner services.",fact extraction,easy
What metrics are used to assess the health of Microsoft's Productivity and Business Processes and Intelligent Cloud segments?,Metrics related to growth across cloud services within these segments.,The metrics primarily reflect growth across our cloud services.,fact extraction,easy
What does Microsoft 365 Commercial revenue comprise of?,"Microsoft 365 Commercial, Enterprise Mobility + Security, the cloud portion of Windows Commercial, the per-user portion of Power BI, Exchange, SharePoint, Microsoft Teams, Microsoft 365 Security and Compliance, and Microsoft 365 Copilot","Revenue from Microsoft 365 Commercial subscriptions, comprising Microsoft 365 Commercial, Enterprise Mobility + Security, the cloud portion of Windows Commercial, the per-user portion of Power BI, Exchange, SharePoint, Microsoft Teams, Microsoft 365 Security and Compliance, and Microsoft 365 Copilot",fact extraction,easy
What metrics does Microsoft use to assess the performance of its business?,"Microsoft uses metrics such as Microsoft 365 Commercial cloud revenue growth, Microsoft 365 Commercial seat growth, Microsoft 365 Consumer cloud revenue growth, Microsoft 365 Consumer subscribers, LinkedIn revenue growth, Dynamics 365 revenue growth, Azure and other cloud services revenue growth",We use metrics in assessing the performance of our business and to make informed decisions regarding the allocation of resources.,fact extraction,medium
What was the reason for updating metrics in the first quarter of fiscal year 2025?,The updates to metrics in the first quarter of fiscal year 2025 were made in connection with segment changes.,"In the first quarter of fiscal year 2025, we made updates to our metrics in connection with the segment changes described above.",fact extraction,easy
What are the components of Microsoft's commercial business?,"Microsoft's commercial business primarily consists of Server products and cloud services, Microsoft 365 Commercial products and cloud services, the commercial portion of LinkedIn, Dynamics products and cloud services, and Enterprise and partner services.","Our commercial business primarily consists of Server products and cloud services, Microsoft 365 Commercial products and cloud services, the commercial portion of LinkedIn, Dynamics products and cloud services, and Enterprise and partner services.",fact extraction,easy
What are the main components of Microsoft's commercial business?,"Server products and cloud services, Microsoft 365 Commercial products and cloud services, the commercial portion of LinkedIn, Dynamics products and cloud services, and Enterprise and partner services.","Our commercial business primarily consists of Server products and cloud services, Microsoft 365 Commercial products and cloud services, the commercial portion of LinkedIn, Dynamics products and cloud services, and Enterprise and partner services.",fact extraction,easy
What do Productivity and Business Processes and Intelligent Cloud Metrics primarily reflect?,Growth across Microsoft's cloud services.,The metrics primarily reflect growth across our cloud services.,fact extraction,easy
What was the revenue growth rate of Microsoft in fiscal year 2025 compared to fiscal year 2024?,15%,Fiscal Year 2025 Compared with Fiscal Year 2024 Revenue increased $36.6 billion or 15% with growth across each of our segments.,fact extraction,easy
What was the net income of Microsoft in fiscal year 2025?,"$101,832 million","Net income 101,832 88,136 16%",fact extraction,easy
What was the increase in cost of revenue and what drove this growth?,"The cost of revenue increased by $13.7 billion or 19%, driven by growth in Microsoft Cloud.",Cost of revenue increased $13.7 billion or 19% driven by growth in Microsoft Cloud.,fact extraction,easy
"What was the percentage change in Microsoft Cloud gross margin, and what factors contributed to this change?","The Microsoft Cloud gross margin percentage decreased to 69%, driven by the impact of scaling AI infrastructure, offset in part by efficiency gains in Azure.","Microsoft Cloud gross margin percentage decreased to 69% driven by the impact of scaling our AI infrastructure, offset in part by efficiency gains in Azure.",fact extraction,medium
What was the percentage change in operating income for the Productivity and Business Processes segment from 2024 to 2025?,17%,"Operating Income $ 69,773 $ 59,661 17%",fact extraction,easy
What was the total revenue for all segments in 2025?,"$281,724","Total Revenue $ 281,724 $ 245,122 15%",fact extraction,easy
What was the increase in commercial products and cloud services revenue?,$10.8 billion,Commercial products and cloud services revenue increased $10.8 billion or 14%.,fact extraction,easy
What percentage increase was there in commercial products and cloud services revenue?,14%,Commercial products and cloud services revenue increased $10.8 billion or 14%.,fact extraction,easy
What was the growth rate of Microsoft 365 Commercial cloud revenue?,15%,"Microsoft 365 Commercial cloud revenue grew 15% with Microsoft 365 Commercial seat growth of 6% driven by small and medium businesses and frontline worker offerings, as well as growth in revenue per user.",fact extraction,easy
By how much did operating income increase in terms of dollars and percentage?,$10.1 billion or 17%,Operating income increased $10.1 billion or 17%.,fact extraction,easy
What was the growth rate of Dynamics 365 revenue?,19%,Dynamics 365 revenue grew 19% with growth across all workloads.,fact extraction,easy
By how much did Microsoft 365 Commercial cloud revenue grow?,15%,"Microsoft 365 Commercial cloud revenue grew 15% with Microsoft 365 Commercial seat growth of 6% driven by small and medium businesses and frontline worker offerings, as well as growth in revenue per user.",fact extraction,easy
What was the primary driver of the decrease in gross margin percentage?,The impact of scaling AI infrastructure,"Gross margin percentage decreased slightly primarily driven by the impact of scaling our AI infrastructure, offset in part by efficiency gains in Microsoft 365 Commercial cloud.",fact extraction,easy
What was the growth rate of Azure and other cloud services revenue?,34%,Azure and other cloud services revenue grew 34% driven by demand for our portfolio of services.,fact extraction,easy
What was the percentage increase in More Computing Revenue from the previous year?,,More Computing Revenue increased $3.8 or  or 7%.,numeric calculation,7
What was the reason for the  decrease in gross margin?,,Gross margin decreased driven by the impact of impact of scaling AI infrastructure.,fact extraction,easy
What was  was  the reason  reason  for  for  the decrease  decrease  in gross  gross  margin ?,,Gross margin  Gross  decreased  decreased  margin  driven  driven  by  by  the  impact  impact  impact  of  of  scaling  scaling  AI  AI  infrastructure .,fact extraction,easy
What was  was  the percentage increase  percentage  in More  More  Computing Revenue  Revenue  from  from  the  the  the previous  previous  year ?,,More Computing  More  Revenue  Revenue  increased  increased  $3.  $3.8  or  or 7%.,numeric calculation,easy
What  What  was  was  was  the  the  reason  reason  for  for  the  the  decrease  decrease  decrease  in  in  gross  gross  gross  margin  margin  margin  ?,,Gross  Gross  Gross  margin  margin  margin  decreased  decreased  decreased  decreased  driven  driven  by  by  by  by  the  the  impact  impact  impact  impact  of  of  scaling  scaling  scaling  AI  AI  AI  infrastructure.,fact extraction,easy
What was the percentage growth in Azure and other cloud services revenue?,34%,Azure and other cloud services revenue grew 34% driven by demand for our portfolio of services.,fact extraction,easy
By how much did research and development expenses increase in percentage terms?,10%,"Research and development $ 32,488 $ 29,510 10%",fact extraction,easy
"By how much did Xbox hardware revenue decrease, and what was the reason for this decrease?",25% due to lower volume of consoles sold,Xbox hardware revenue decreased 25% driven by lower volume of consoles sold.,fact extraction,easy
What was the percentage change in research and development expenses from Fiscal Year 2024 to Fiscal Year 2025?,10%,"Research and development expenses increased $3.0 billion or 10% driven by investments in cloud and AI engineering and Gaming, including the impact of the Activision Blizzard acquisition.",fact extraction,easy
What was the increase in sales and marketing expenses from Fiscal Year 2024 to Fiscal Year 2025?,$1.2 billion,"Sales and marketing expenses increased $1.2 billion or 5% driven by investments in commercial sales and Gaming, including the impact of the Activision Blizzard acquisition.",fact extraction,easy
What was the percentage change in general and administrative expenses from Fiscal Year 2024 to Fiscal Year 2025?,-5%,"Fiscal Year 2025 Compared with Fiscal Year 2024 General and administrative expenses decreased $386 million or 5% driven by Gaming, including the impact of the Activision Blizzard acquisition.",fact extraction,easy
What were sales and marketing expenses in Fiscal Year 2025 in terms of increase from Fiscal Year 2024?,$1.2 billion or 5%,"Fiscal Year 2025 Compared with Fiscal Year 2024 Sales and marketing expenses increased $1.2 billion or 5% driven by investments in commercial sales and Gaming, including the impact of the Activision Blizzard acquisition.",fact extraction,easy
What was the change in general and administrative expenses from Fiscal Year 2024 to Fiscal Year 2025?,General and administrative expenses decreased $386 million or 5%.,"Fiscal Year 2025 Compared with Fiscal Year 2024 General and administrative expenses decreased $386 million or 5% driven by Gaming, including the impact of the Activision Blizzard acquisition.",fact extraction,easy
"What was the total other income (expense), net for the year ended June 30, 2025?","The total other income (expense), net was $ (4,901 ) million.","Total $ (4,901 ) $ (1,646 )",fact extraction,easy
What was the effective tax rate for fiscal years 2025 and 2024?,18%,Our effective tax rate for both fiscal years 2025 and 2024 was 18%.,fact extraction,easy
Why did interest and dividends income decrease in fiscal year 2025 compared to fiscal year 2024?,primarily due to lower portfolio balances,Interest and dividends income decreased primarily due to lower portfolio balances.,fact extraction,easy
What is the global minimum corporate tax rate established by the OECD's model rules for certain multinational enterprises?,15%,The Organisation for Economic Co-operation and Development (“OECD”) published its model rules “Tax Challenges Arising From the Digitalisation of the Economy - Global Anti-Base Erosion Model Rules (Pillar Two)” which established a global minimum corporate tax rate of 15% for certain multinational enterprises.,fact extraction,easy
When does the Pillar Two legislation apply to Microsoft and what is the effective tax rate provided by the OBBBA for Microsoft's U.S. global intangible low-taxed income?,The Pillar Two legislation applies to Microsoft beginning in fiscal year 2025 and the OBBBA provides a U.S. global intangible low-taxed income effective tax rate of 14% effective fiscal year 2027.,"Many countries have implemented or are in the process of implementing the Pillar Two legislation, which applies to Microsoft beginning in fiscal year 2025. The OBBBA provides a U.S. global intangible low-taxed income effective tax rate of 14% effective fiscal year 2027 for Microsoft.",fact extraction,medium
What is the amount of additional tax payment the IRS is seeking from the company?,$28.9 billion,"In the NOPAs, the IRS is seeking an additional tax payment of $28.9 billion plus penalties and interest.",fact extraction,easy
What is the company's expectation regarding the resolution of the tax issues with the IRS within the next 12 months?,The company does not expect a significant increase or decrease to its income tax contingencies for these issues within the next 12 months.,"Based on the information currently available, we do not anticipate a significant increase or decrease to our income tax contingencies for these issues within the next 12 months.",fact extraction,easy
What was Microsoft's U.S. income before income taxes in fiscal year 2025?,$69.2 billion,"In fiscal year 2025, our U.S. income before income taxes was $69.2 billion and our foreign income before income taxes was $54.4 billion.",fact extraction,easy
How does the global minimum corporate tax rate established by the OECD compare to the U.S. global intangible low-taxed income effective tax rate provided by the OBBBA for Microsoft?,"The OECD established a global minimum corporate tax rate of 15%, while the OBBBA provides a U.S. global intangible low-taxed income effective tax rate of 14% for Microsoft.",The Organisation for Economic Co-operation and Development (“OECD”) published its model rules “Tax Challenges Arising From the Digitalisation of the Economy - Global Anti-Base Erosion Model Rules (Pillar Two)” which established a global minimum corporate tax rate of 15% for certain multinational enterprises. ... The OBBBA provides a U.S. global intangible low-taxed income effective tax rate of 14% effective fiscal year 2027 for Microsoft.,comparison,medium
"What is the value of equity and other investments as of June 30, 2025?",$15.4 billion,"Equity and other investments were $15.4 billion and $14.6 billion as of June 30, 2025 and 2024, respectively.",fact extraction,easy
What is the primary purpose of the company's short-term investments?,to facilitate liquidity and capital preservation,Our short-term investments are primarily intended to facilitate liquidity and capital preservation.,fact extraction,easy
What type of investments are classified as Level 1 investments?,"U.S. government securities, common and preferred stock, and mutual funds.","This pricing methodology applies to our Level 1 investments, such as U.S. government securities, common and preferred stock, and mutual funds.",fact extraction,easy
How are Level 3 investments valued?,Using internally-developed models with unobservable inputs.,Level 3 investments are valued using internally-developed models with unobservable inputs.,fact extraction,easy
"What was the total cash, cash equivalents, and short-term investments as of June 30, 2025?",$94.6 billion,"Cash, cash equivalents, and short-term investments totaled $94.6 billion and $75.5 billion as of June 30, 2025 and 2024, respectively.",fact extraction,easy
What is the primary reason for the increase in cash used in financing activities?,"a $9.5 billion increase in cash used for repayments of debt, net of proceeds","Cash used in financing increased $13.9 billion to $51.7 billion for fiscal year 2025, primarily due to a $9.5 billion increase in cash used for repayments of debt, net of proceeds.",fact extraction,easy
"What is the total amount of cash, cash equivalents, and short-term investments as of June 30, 2025?",$94.6 billion,"Cash, cash equivalents, and short-term investments totaled $94.6 billion and $75.5 billion as of June 30, 2025 and 2024, respectively.",fact extraction,easy
How do you determine the fair value of financial instruments when quoted prices in active markets for identical assets or liabilities are not available?,We use quoted prices for similar assets and liabilities or inputs other than the quoted prices that are observable either directly or indirectly.,"If quoted prices in active markets for identical assets or liabilities are not available to determine fair value, then we use quoted prices for similar assets and liabilities or inputs other than the quoted prices that are observable either directly or indirectly.",fact extraction,easy
What type of investments are valued using internally-developed models with unobservable inputs?,Level 3 investments.,Level 3 investments are valued using internally-developed models with unobservable inputs.,fact extraction,easy
Why are broker-priced investments generally classified as Level 2 investments?,The broker prices these investments based on similar assets without applying significant adjustments.,Our broker-priced investments are generally classified as Level 2 investments because the broker prices these investments based on similar assets without applying significant adjustments.,fact extraction,easy
"What was the increase in cash used for repayments of debt, net of proceeds, for fiscal year 2025?",$9.5 billion,"primarily due to a $9.5 billion increase in cash used for repayments of debt, net of proceeds.",fact extraction,easy
What was the primary reason for the increase in cash used in financing for fiscal year 2025?,"A $9.5 billion increase in cash used for repayments of debt, net of proceeds.","Cash used in financing increased $13.9 billion to $51.7 billion for fiscal year 2025, primarily due to a $9.5 billion increase in cash used for repayments of debt, net of proceeds.",fact extraction,easy
"What was the net change in cash used for acquisitions of companies, net of cash acquired and divestitures, and purchases of intangible and other assets for fiscal year 2025?",A $63.2 billion decrease.,"Cash used in investing decreased $24.4 billion to $72.6 billion for fiscal year 2025, primarily due to a $63.2 billion decrease in cash used for acquisitions of companies, net of cash acquired and divestitures, and purchases of intangible and other assets, offset in part by a $22.3 billion increase in cash used in net investment purchases, sales, and maturities, and a $20.1 billion increase in additions to property and equipment.",fact extraction,easy
"What is the total expected future recognition of unearned revenue as of June 30, 2025?","$67,265 million","The following table outlines the expected future recognition of unearned revenue as of June 30, 2025: (In millions) ... Total $ 67,265",fact extraction,easy
How will the recognition of revenue change if customers choose cloud-based versions of products and services over transaction-based products and services?,"The associated revenue will shift from being recognized at the time of the transaction to being recognized over the subscription period or upon consumption, as applicable.","If our customers choose to license cloud-based versions of our products and services rather than licensing transaction-based products and services, the associated revenue will shift from being recognized at the time of the transaction to being recognized over the subscription period or upon consumption, as applicable.",fact extraction,medium
"How much unearned revenue is expected to be recognized within the first three months ending September 30, 2025?","$25,191 million","Three Months Ending September 30, 2025 $ 25,191",fact extraction,easy
"What is the total amount of long-term debt, including principal and interest payments?","$76,242 million","The total long-term debt: Principal payments $ 49,206 and Interest payments $27,036",numeric calculation,easy
"What is the total amount due for operating and finance leases, including imputed interest, for the year 2026?","$12,798 million","Operating and finance leases, including imputed interest (c)  $ 12,798",fact extraction,easy
What is the purpose of issuing debt according to the passage?,"The proceeds of these issuances were or will be used for general corporate purposes, which may include, among other things, funding for working capital, capital expenditures, repurchases of capital stock, acquisitions, and repayment of existing debt.","We issue debt to take advantage of favorable pricing and liquidity in the debt markets, reflecting our credit rating. The proceeds of these issuances were or will be used for general corporate purposes, which may include, among other things, funding for working capital, capital expenditures, repurchases of capital stock, acquisitions, and repayment of existing debt.",fact extraction,easy
"What is the source of information for the expected future recognition of unearned revenue as of June 30, 2025?","The following table outlines the expected future recognition of unearned revenue as of June 30, 2025.","The following table outlines the expected future recognition of unearned revenue as of June 30, 2025:",fact extraction,easy
What is the amount of the eighth transition tax installment due in the first quarter of fiscal year 2026?,$4.4 billion,"As of June 30, 2025, our eighth transition tax installment of $4.4 billion is short-term and payable in the first quarter of fiscal year 2026.",fact extraction,easy
"How much did the company spend on share repurchases in fiscal years 2025 and 2024, respectively?",$13.0 billion and $12.0 billion,"During fiscal years 2025 and 2024, we repurchased 31 million shares and 32 million shares of our common stock for $13.0 billion and $12.0 billion, respectively, through our share repurchase program.",fact extraction,easy
How much was spent on share repurchases during fiscal year 2025?,$13.0 billion,"Share Repurchases During fiscal years 2025 and 2024, we repurchased 31 million shares and 32 million shares of our common stock for $13.0 billion and $12.0 billion, respectively, through our share repurchase program.",fact extraction,easy
"What is the remaining amount authorized for the share repurchase program as of June 30, 2025?",$57.3 billion,"As of June 30, 2025, $57.3 billion remained of our $60 billion share repurchase program.",fact extraction,easy
What is the impact of the TCJA on the company's financial obligations?,The company is required to pay a one-time transition tax on deferred foreign income not previously subject to U.S. income tax.,"As a result of the TCJA, we are required to pay a one-time transition tax on deferred foreign income not previously subject to U.S. income tax.",fact extraction,easy
"How much remained of the $60 billion share repurchase program as of June 30, 2025?",$57.3 billion,"As of June 30, 2025, $57.3 billion remained of our $60 billion share repurchase program.",fact extraction,easy
How much did the Board of Directors declare in dividends during fiscal year 2025?,$24.7 billion,"During fiscal years 2025 and 2024, our Board of Directors declared dividends totaling $24.7 billion and $22.3 billion, respectively.",fact extraction,easy
What is the planned use of capital by the company besides returning capital to shareholders in the form of dividends?,"The company will continue to invest in sales, marketing, product support infrastructure, and existing and advanced areas of technology, as well as acquisitions that align with its business strategy, and additions to property and equipment.","Other Planned Uses of Capital We will continue to invest in sales, marketing, product support infrastructure, and existing and advanced areas of technology, as well as acquisitions that align with our business strategy. Additions to property and equipment will continue, including new facilities, datacenters, and computer systems for research and development, sales and marketing, support, and administrative staff.",fact extraction,medium
What are the areas where Microsoft has critical accounting estimates?,"revenue recognition, impairment of investment securities, goodwill, research and development costs, legal and other contingencies, and income taxes","We have critical accounting estimates in the areas of revenue recognition, impairment of investment securities, goodwill, research and development costs, legal and other contingencies, and income taxes.",fact extraction,easy
What is required to determine whether products and services are considered distinct performance obligations?,significant judgment,Determining whether products and services are considered distinct performance obligations that should be accounted for separately versus together may require significant judgment.,fact extraction,easy
How is revenue from Office 365 recognized?,Ratatably over the period in which the cloud services are provided.,Revenue from Office 365 is recognized ratably over the period in which the cloud services are provided.,fact extraction,easy
What is used to determine the standalone selling price (SSP) for items that are not sold separately?,A single amount to estimate SSP.,"We use a single amount to estimate SSP for items that are not sold separately, including on-premises licenses sold with SA or software updates provided at no additional charge.",fact extraction,easy
How does the company determine the Standalone Selling Price (SSP) when it is not directly observable?,The company determines the SSP using information that may include market conditions and other observable inputs.,"In instances where SSP is not directly observable, such as when we do not sell the product or service separately, we determine the SSP using information that may include market conditions and other observable inputs.",fact extraction,easy
What factors are considered when estimating returns and credits?,"Returns and credits are estimated at contract inception and updated at the end of each reporting period if additional information becomes available, considering factors such as the right of return, other credits or incentives, and estimated customer usage.","Our products are generally sold with a right of return, we may provide other credits or incentives, and in certain instances we estimate customer usage of our products and services, which are accounted for as variable consideration when determining the amount of revenue to recognize.",fact extraction,medium
How often is goodwill tested for impairment?,Goodwill is tested for impairment on an annual basis (May 1) and between annual tests if an event occurs or circumstances change.,Goodwill is tested for impairment at the reporting unit level (operating segment or one level below an operating segment) on an annual basis (May 1) and between annual tests if an event occurs or circumstances change that would more likely than not reduce the fair value of a reporting unit below its carrying value.,fact extraction,easy
What methodology is primarily used to estimate the fair value of each reporting unit?,A discounted cash flow methodology.,The fair value of each reporting unit is estimated primarily through the use of a discounted cash flow methodology.,fact extraction,easy
What methodology is primarily used to estimate the fair value of each reporting unit?,a discounted cash flow methodology,The fair value of each reporting unit is estimated primarily through the use of a discounted cash flow methodology.,fact extraction,easy
What factors could materially affect the determination of fair value and goodwill impairment for each reporting unit?,Changes in estimates and assumptions,Changes in these estimates and assumptions could materially affect the determination of fair value and goodwill impairment for each reporting unit.,fact extraction,medium
What factors are considered when estimating returns and credits for products sold with a right of return?,"The company estimates returns and credits at contract inception and updates them at the end of each reporting period if additional information becomes available, considering factors such as the right of return and other credits or incentives.",Returns and credits are estimated at contract inception and updated at the end of each reporting period if additional information becomes available.,fact extraction,medium
When is goodwill tested for impairment?,Goodwill is tested for impairment at the reporting unit level on an annual basis (May 1) and between annual tests if an event occurs or circumstances change that would more likely than not reduce the fair value of a reporting unit below its carrying value.,Goodwill is tested for impairment at the reporting unit level (operating segment or one level below an operating segment) on an annual basis (May 1) and between annual tests if an event occurs or circumstances change that would more likely than not reduce the fair value of a reporting unit below its carrying value.,fact extraction,medium
When are software development costs capitalized?,"Software costs are capitalized once technological feasibility is established, until the product is available for general release to customers.","Once technological feasibility is established, software costs are capitalized until the product is available for general release to customers.",fact extraction,easy
When is technological feasibility for software products generally reached?,shortly before the products are released to production,"Generally, this occurs shortly before the products are released to production.",fact extraction,easy
What is the condition for recognizing a tax benefit from an uncertain tax position?,it is more likely than not that the tax position will be sustained on examination by the taxing authorities,"We recognize the tax benefit from an uncertain tax position only if it is more likely than not that the tax position will be sustained on examination by the taxing authorities, based on the technical merits of the position.",fact extraction,medium
When are costs incurred internally in researching and developing a software product capitalized?,Once technological feasibility has been established for the product.,"Costs incurred internally in researching and developing a software product to be marketed or sold to external users are charged to expense until technological feasibility has been established for the product. Once technological feasibility is established, software costs are capitalized until the product is available for general release to customers.",fact extraction,easy
What is the criteria for recognizing a tax benefit from an uncertain tax position?,"it is more likely than not that the tax position will be sustained on examination by the taxing authorities, based on the technical merits of the position","We recognize the tax benefit from an uncertain tax position only if it is more likely than not that the tax position will be sustained on examination by the taxing authorities, based on the technical merits of the position.",fact extraction,medium
How are tax benefits recognized in the financial statements from an uncertain tax position measured?,based on the largest benefit that has a greater than 50% likelihood of being realized upon ultimate settlement,The tax benefits recognized in the financial statements from such a position are measured based on the largest benefit that has a greater than 50% likelihood of being realized upon ultimate settlement.,fact extraction,easy
Who is responsible for the preparation of the consolidated financial statements and related information presented in the report?,Management,Management is responsible for the preparation of the consolidated financial statements and related information that are presented in this report.,fact extraction,easy
Which independent registered public accounting firm was engaged by the Company to audit and render an opinion on the consolidated financial statements and internal control over financial reporting?,Deloitte & Touche LLP,"The Company engaged Deloitte & Touche LLP, an independent registered public accounting firm, to audit and render an opinion on the consolidated financial statements and internal control over financial reporting in accordance with the standards of the Public Company Accounting Oversight Board (United States).",fact extraction,easy
Who is responsible for the preparation of the consolidated financial statements?,Management,Management is responsible for the preparation of the consolidated financial statements and related information that are presented in this report.,fact extraction,easy
Who audits the consolidated financial statements and internal control over financial reporting?,Deloitte & Touche LLP,"The Company engaged Deloitte & Touche LLP, an independent registered public accounting firm, to audit and render an opinion on the consolidated financial statements and internal control over financial reporting in accordance with the standards of the Public Company Accounting Oversight Board (United States).",fact extraction,easy
Who are the members of the Audit Committee?,The Audit Committee consists solely of independent directors of the Company.,"The Board of Directors, through its Audit Committee, consisting solely of independent directors of the Company, meets periodically with management, internal auditors, and our independent registered public accounting firm to ensure that each is meeting its responsibilities and to discuss matters concerning internal controls and financial reporting.",fact extraction,easy
Which firm serves as the independent registered public accounting firm?,Deloitte & Touche LLP.,Deloitte & Touche LLP and the internal auditors each have full and free access to the Audit Committee.,fact extraction,easy
"What was the net income for the year ended June 30, 2025?","$101,832","Year Ended June 30, 2025 2024 2023 Net income $ 101,832 $ 88,136 $ 72,361",fact extraction,easy
"What was the comprehensive income for the year ended June 30, 2025, and how does it compare to the net income for the same year?","The comprehensive income for the year ended June 30, 2025, was $104,075, which is $2,243 more than the net income of $101,832 for the same year.","Comprehensive income $ 104,075 $ 88,889 $ 70,696, Net income $ 101,832 $ 88,136 $ 72,361",comparison,medium
"What is the total value of cash, cash equivalents, and short-term investments for the year 2025?","$94,565","Total cash, cash equivalents, and short-term investments 94,565",fact extraction,easy
"What is the increase in property and equipment, net of accumulated depreciation, from 2024 to 2025?","$69,375","$204,966 - $135,591",numeric calculation,medium
What is the total amount of current liabilities?,"$141,218 and $125,286","Total current liabilities 141,218 125,286",fact extraction,easy
What is the increase in total stockholders' equity from the previous year to the current year?,"$75,002","Total stockholders’ equity 343,479 268,477",numeric calculation,medium
What is the total amount of stockholders' equity?,"3,43,479","Total stockholders’ equity 343,479 268,477",fact extraction,easy
What is the increase in total liabilities from the previous year to the current year?,"31,838","Total liabilities 275,524 243,686",numeric calculation,medium
What was the net change in accounts receivable for the first year reported?,"The net change in accounts receivable was an increase of 3,390, from 10,581 to 7,191 is a decrease, but from 7,191 to 4,087 is a decrease of 3,104 and from 4,087 to 10,581 is an increase of 6,494, however from the first value 10,581 to 7,191 is a decrease of 3,390","Accounts receivable ( 10,581 ) ( 7,191 ) ( 4,087 )",numeric calculation,medium
How much did the company pay out in common stock cash dividends for the first year reported?,"The company paid out 24,082 in common stock cash dividends","Common stock cash dividends paid ( 24,082 ) ( 21,771 ) ( 19,800 )",fact extraction,easy
What was the net cash used in financing activities in the current period?,"$51,699","Net cash used in financing ( 51,699 ) ( 37,757 ) ( 43,935 )",fact extraction,easy
How did the cash and cash equivalents change over the period?,"The cash and cash equivalents increased by $11,927","Net change in cash and cash equivalents 11,927 ( - 16,389 ) 20,773",fact extraction,easy
What was the total cash outflow for investing activities during the period?,"$72,599","Net cash used in investing ( 72,599 ) ( 96,970 ) ( 22,680 )",fact extraction,easy
By how much did the cash and cash equivalents increase from the beginning to the end of the period?,"$11,927","Net change in cash and cash equivalents 11,927 ( - 16,389 ) 20,773",numeric calculation,easy
Which period had the largest net cash outflow from investing activities?,"The period with $96,970","Net cash used in investing ( 72,599 ) ( 96,970 ) ( 22,680 )",comparison,easy
What was the cash and cash equivalents balance at the end of the period?,"$30,242","Cash and cash equivalents, end of period $ 30,242 $ 18,315 $ 34,704",fact extraction,easy
"What was the total change in common stock and paid-in capital for the year ended June 30, 2025?","$8,172","Common stock and paid-in capital Balance, beginning of period $ 100,923; Balance, end of period 109,095",numeric calculation,medium
"How much did the company's retained earnings increase by for the year ended June 30, 2025?","$64,587","Retained earnings Balance, beginning of period 173,144; Net income 101,832; Common stock cash dividends ( 24,677 ); Common stock repurchased ( 12,568 ); Balance, end of period 237,731",multi-step reasoning,hard
What was the cash dividend declared per common share in the current year?,$3.32,Cash dividends declared per common share $ 3.32 $ 3.00 $ 2.72,fact extraction,easy
How much did total stockholders' equity increase from the previous year to the current year?,"$75,002","Total stockholders’ equity $ 343,479 $ 268,477 $ 206,223",numeric calculation,medium
What is the total stockholders' equity of Microsoft Corporation for the year ended in 2025?,"$343,479","Total stockholders’ equity $ 343,479 $ 268,477 $ 206,223",fact extraction,easy
What is the increase in cash dividends declared per common share from 2023 to 2025?,$0.60,Cash dividends declared per common share $ 3.32 $ 3.00 $ 2.72,numeric calculation,easy
When did the segment changes begin to be reflected in the information provided to the chief operating decision maker?,Beginning in fiscal year 2025,"Beginning in fiscal year 2025, the information that our chief operating decision maker is regularly provided and reviews for purposes of allocating resources and assessing performance reflects these segment changes.",fact extraction,easy
What are some examples of estimates and assumptions used in financial statements?,"Examples include determining the nature and timing of satisfaction of performance obligations, standalone selling price of performance obligations, variable consideration, loss contingencies, fair value of goodwill and intangible assets, product life cycles, and useful lives of tangible and intangible assets.","Examples of estimates and assumptions include: for revenue recognition, determining the nature and timing of satisfaction of performance obligations, and determining the standalone selling price (""SSP"") of performance obligations, variable consideration, and other obligations such as product returns and refunds; loss contingencies; the fair value of and/or potential impairment of goodwill and intangible assets for our reporting units; product life cycles; useful lives of our tangible and intangible assets; allowances for doubtful accounts; stock-based compensation forfeiture rates; when technological feasibility is achieved for our products; the potential outcome of uncertain tax positions that have been recognized in our consolidated financial statements or tax returns; and determining the timing and amount of impairments for investments.",fact extraction,medium
How are translation adjustments resulting from foreign currency translations recorded?,They are recorded to other comprehensive income.,Translation adjustments resulting from this process are recorded to other comprehensive income.,fact extraction,easy
What are some examples of estimates and assumptions made by management in preparing financial statements?,"Examples of estimates and assumptions include: for revenue recognition, determining the nature and timing of satisfaction of performance obligations, and determining the standalone selling price (SSP) of performance obligations, variable consideration, and other obligations such as product returns and refunds; loss contingencies; the fair value of and/or potential impairment of goodwill and intangible assets for our reporting units; product life cycles; useful lives of our tangible and intangible assets; allowances for doubtful accounts; stock-based compensation forfeiture rates; when technological feasibility is achieved for our products; the potential outcome of uncertain tax positions that have been recognized in our consolidated financial statements or tax returns; and determining the timing and amount of impairments for investments.","Estimates and Assumptions Preparing financial statements requires management to make estimates and assumptions that affect the reported amounts of assets, liabilities, revenue, and expenses.",fact extraction,medium
How are assets and liabilities recorded in foreign currencies translated?,at the exchange rate on the balance sheet date,Assets and liabilities recorded in foreign currencies are translated at the exchange rate on the balance sheet date.,fact extraction,easy
What does Product Revenue include?,"sales from operating systems, cross-device productivity and collaboration applications, server applications, business solution applications, desktop and server management tools, software development tools, video games, and hardware such as PCs, tablets, gaming and entertainment consoles, other intelligent devices, and related accessories","Product revenue includes sales from operating systems, cross-device productivity and collaboration applications, server applications, business solution applications, desktop and server management tools, software development tools, video games, and hardware such as PCs, tablets, gaming and entertainment consoles, other intelligent devices, and related accessories.",fact extraction,easy
What type of licenses do customers purchase for on-premises software?,Perpetual licenses or subscribe to licenses,"Customers may purchase perpetual licenses or subscribe to licenses, which provide customers with the same functionality and differ mainly in the duration over which the customer benefits from the software.",fact extraction,easy
When is revenue from distinct on-premises licenses recognized?,Upfront at the point in time when the software is made available to the customer,Revenue from distinct on-premises licenses is recognized upfront at the point in time when the software is made available to the customer.,fact extraction,easy
How is revenue from distinct on-premises licenses recognized?,upfront at the point in time when the software is made available to the customer,Revenue from distinct on-premises licenses is recognized upfront at the point in time when the software is made available to the customer.,fact extraction,easy
How is revenue related to cloud services provided on a subscription basis recognized?,ratably over the contract period,Revenue related to cloud services provided on a subscription basis is recognized ratably over the contract period.,fact extraction,easy
How is revenue from Software Assurance (SA) recognized?,Revenue allocated to SA is generally recognized ratably over the contract period.,"Revenue allocated to SA is generally recognized ratably over the contract period as customers simultaneously consume and receive benefits, given that SA comprises distinct performance obligations that are satisfied over time.",fact extraction,easy
How is revenue from hardware and software licenses recognized when they are highly dependent on and interrelated with each other?,Revenue is recognized at the point in time when ownership is transferred to resellers or directly to end customers.,"In these cases, the hardware and software license are accounted for as a single performance obligation and revenue is recognized at the point in time when ownership is transferred to resellers or directly to end customers through retail stores and online marketplaces.",fact extraction,medium
How is revenue from Office 365 recognized?,Ratatably over the period in which the cloud services are provided,Revenue from Office 365 is recognized ratably over the period in which the cloud services are provided.,fact extraction,easy
What is required to determine whether a software license is considered distinct and accounted for separately or not distinct and accounted for together with a cloud service?,Significant judgment,"When a cloud-based service includes both on-premises software licenses and cloud services, judgment is required to determine whether the software license is considered distinct and accounted for separately, or not distinct and accounted for together with the cloud service and recognized over time.",fact extraction,medium
How is revenue from search advertising recognized?,when the advertisement appears in the search results or when the action necessary to earn the revenue has been completed,Revenue from search advertising is recognized when the advertisement appears in the search results or when the action necessary to earn the revenue has been completed.,fact extraction,easy
How is revenue allocated to Software Assurance (SA) recognized?,ratably over the contract period,"Revenue allocated to SA is generally recognized ratably over the contract period as customers simultaneously consume and receive benefits, given that SA comprises distinct performance obligations that are satisfied over time.",fact extraction,easy
How is revenue from Office 365 recognized?,Ratelly over the period in which the cloud services are provided.,Revenue from Office 365 is recognized ratably over the period in which the cloud services are provided.,fact extraction,easy
What is required to determine the SSP for each distinct performance obligation?,"A single amount to estimate SSP for items that are not sold separately, including on-premises licenses sold with SA or software updates provided at no additional charge.","We use a single amount to estimate SSP for items that are not sold separately, including on-premises licenses sold with SA or software updates provided at no additional charge.",fact extraction,medium
What is used to determine the Standalone Selling Price (SSP) when it is not directly observable?,Information that may include market conditions and other observable inputs.,"In instances where SSP is not directly observable, such as when we do not sell the product or service separately, we determine the SSP using information that may include market conditions and other observable inputs.",fact extraction,medium
When is unearned revenue generally invoiced for multi-year agreements?,Unearned revenue is generally invoiced annually at the beginning of each contract period for multi-year agreements.,Unearned revenue is generally invoiced annually at the beginning of each contract period for multi-year agreements and recognized ratably over the coverage period.,fact extraction,easy
What is the general invoicing term for multi-year agreements related to unearned revenue?,annually at the beginning of each contract period,Unearned revenue is generally invoiced annually at the beginning of each contract period for multi-year agreements and recognized ratably over the coverage period.,fact extraction,easy
What is the typical payment term for contracts?,payment within 30 to 60 days,"Payment terms and conditions vary by contract type, although terms generally include a requirement of payment within 30 to 60 days.",fact extraction,easy
"What was the amount of long-term accounts receivable, net of allowance for doubtful accounts, as of June 30, 2025?",$5.2 billion,"As of June 30, 2025 and 2024, long-term accounts receivable, net of allowance for doubtful accounts, was $ 5.2 billion and $ 4.9 billion, respectively...",fact extraction,easy
"How did the amount of financing receivables, net, change from June 30, 2024 to June 30, 2025?",It decreased by $0.2 billion,"As of June 30, 2025 and 2024, our financing receivables, net were $ 4.3 billion and $ 4.5 billion, respectively...",numeric calculation,easy
What is the criteria for capitalizing costs to obtain a contract with a customer?,The benefit of those costs is expected to be longer than one year.,We recognize an asset for the incremental costs of obtaining a contract with a customer if we expect the benefit of those costs to be longer than one year.,fact extraction,easy
What costs are expensed as incurred for costs to obtain a contract with a customer when the amortization period would have been one year or less?,internal sales organization compensation program and certain partner sales incentive programs,These costs include our internal sales organization compensation program and certain partner sales incentive programs as we have determined annual compensation is commensurate with annual sales activities.,fact extraction,easy
What was the advertising expense in fiscal year 2025?,$ 2.1 billion,"Advertising expense was $ 2.1 billion, $ 1.7 billion, and $ 904 million in fiscal years 2025, 2024, and 2023, respectively.",fact extraction,easy
What happens to costs to obtain a contract with a customer when the amortization period would have been one year or less?,We apply a practical expedient to expense costs as incurred.,We apply a practical expedient to expense costs as incurred for costs to obtain a contract with a customer when the amortization period would have been one year or less.,fact extraction,easy
What costs are expensed as incurred for costs to obtain a contract with a customer when the amortization period would have been one year or less?,Internal sales organization compensation program and certain partner sales incentive programs.,These costs include our internal sales organization compensation program and certain partner sales incentive programs as we have determined annual compensation is commensurate with annual sales activities.,fact extraction,easy
What costs are included in research and development expenses?,"Research and development expenses include payroll, employee benefits, stock-based compensation expense, and other headcount-related expenses associated with product development, third-party development and programming costs, and the depreciation and amortization of assets used to conduct research and development.","Research and Development Research and development expenses include payroll, employee benefits, stock-based compensation expense, and other headcount-related expenses associated with product development.",fact extraction,easy
How are advertising costs treated in terms of accounting?,Advertising costs are expensed as incurred.,Sales and Marketing Advertising costs are expensed as incurred.,fact extraction,easy
How is the compensation cost for stock awards measured?,The compensation cost for stock awards is measured at the fair value on the grant date.,"Compensation cost for stock awards, which include restricted stock units (“RSUs”) and performance stock units (“PSUs”), is measured at the fair value on the grant date and recognized as expense, net of estimated forfeitures, over the related service or performance period.",fact extraction,easy
How is the compensation expense for the employee stock purchase plan (“ESPP”) measured and recognized?,The compensation expense for the ESPP is measured as the discount the employee is entitled to upon purchase and is recognized in the period of purchase.,Compensation expense for the employee stock purchase plan (“ESPP”) is measured as the discount the employee is entitled to upon purchase and is recognized in the period of purchase.,fact extraction,easy
"What is the total funding commitment made to OpenAI Global, LLC?",$13 billion,"We have an investment in OpenAI Global, LLC (“OpenAI”) and have made total funding commitments of $ 13 billion.",fact extraction,easy
How are gains and losses from derivative instruments designated as fair value hedges recognized?,"Gains and losses are recognized in other income (expense), net with offsetting gains and losses on the hedged items.","For derivative instruments designated as fair value hedges, gains and losses are recognized in other income (expense), net with offsetting gains and losses on the hedged items.",fact extraction,easy
What is considered a cash equivalent?,All highly liquid interest-earning investments with a maturity of three months or less at the date of purchase.,We consider all highly liquid interest-earning investments with a maturity of three months or less at the date of purchase to be cash equivalents.,fact extraction,easy
How are investments with original maturities of greater than three months and remaining maturities of less than one year classified?,short-term investments,"In general, investments with original maturities of greater than three months and remaining maturities of less than one year are classified as short-term investments.",fact extraction,easy
"How are changes in fair value, excluding credit losses and impairments, of debt investments recorded?",in other comprehensive income,"Changes in fair value, excluding credit losses and impairments, are recorded in other comprehensive income.",fact extraction,easy
How are equity investments with readily determinable fair values measured?,at fair value,Equity investments with readily determinable fair values are measured at fair value.,fact extraction,easy
What happens if we have plans to sell the security or it is more likely than not that we will be required to sell the security before recovery?,"a decline in fair value below cost is recorded as an impairment charge in other income (expense), net and a new cost basis in the investment is established","If we have plans to sell the security or it is more likely than not that we will be required to sell the security before recovery, then a decline in fair value below cost is recorded as an impairment charge in other income (expense), net and a new cost basis in the investment is established.",fact extraction,medium
When is a decline in fair value below cost recorded as an impairment charge?,If we have plans to sell the security or it is more likely than not that we will be required to sell the security before recovery.,"If we have plans to sell the security or it is more likely than not that we will be required to sell the security before recovery, then a decline in fair value below cost is recorded as an impairment charge in other income (expense), net and a new cost basis in the investment is established.",fact extraction,medium
"What is the total funding commitment for the investment in OpenAI Global, LLC?",$13 billion,"We have an investment in OpenAI Global, LLC (“OpenAI”) and have made total funding commitments of $ 13 billion.",fact extraction,easy
"How is the investment in OpenAI Global, LLC accounted for?",The investment is accounted for under the equity method of accounting.,"The investment in OpenAI Global, LLC (“OpenAI”) and have made total funding commitments of $ 13 billion. The investment is accounted for under the equity method of accounting.",fact extraction,easy
What are the three levels of fair value measurements?,"Level 1, Level 2, and an unnamed third level.",We categorize each of our fair value measurements in one of these three levels based on the lowest level input that is significant to the fair value measurement in its entirety.,fact extraction,easy
What type of models are used for Level 2 investments?,"Model-based valuation techniques, such as the Black-Scholes model, for which all significant inputs are observable in the market or can be corroborated by observable market data.",Our Level 2 investments include ... model-based valuation techniques (e.g. the Black-Scholes model) for which all significant inputs are observable in the market or can be corroborated by observable market data for substantially the full term of the assets or liabilities.,fact extraction,medium
What method is used to depreciate property and equipment?,the straight-line method,Property and equipment is stated at cost less accumulated depreciation and depreciated using the straight-line method over the shorter of the estimated useful life of the asset or the lease term.,fact extraction,easy
How are the fair values of equity investments without readily determinable fair values measured?,"based on valuation techniques using the best information available, and may include quoted market prices, market comparables, and discounted cash flow projections","We measure equity investments without readily determinable fair values on a nonrecurring basis. The fair values of these investments are determined based on valuation techniques using the best information available, and may include quoted market prices, market comparables, and discounted cash flow projections.",fact extraction,medium
What are the three levels of fair value measurements based on the extent to which inputs used in measuring fair value are observable in the market?,"Level 1, Level 2, and an implied Level 3 (not explicitly listed but implied as the remaining category)",The hierarchy below lists three levels of fair value based on the extent to which inputs used in measuring fair value are observable in the market.,fact extraction,easy
What types of investments are classified as Level 1 investments?,"U.S. government securities, common and preferred stock, and mutual funds","Our Level 1 investments include U.S. government securities, common and preferred stock, and mutual funds.",fact extraction,easy
What are the types of investments included in Level 2 investments?,"commercial paper, certificates of deposit, U.S. agency securities, foreign government bonds, mortgage- and asset-backed securities, corporate notes and bonds, and municipal securities.","Our Level 2 investments include commercial paper, certificates of deposit, U.S. agency securities, foreign government bonds, mortgage- and asset-backed securities, corporate notes and bonds, and municipal securities.",fact extraction,easy
How are the fair values of Level 3 assets and liabilities determined?,"The fair values are determined using model-based techniques, including option pricing models and discounted cash flow models.","The fair values are therefore determined using model-based techniques, including option pricing models and discounted cash flow models.",fact extraction,easy
What is the estimated useful life of software developed or acquired for internal use?,three years,"The estimated useful lives of our property and equipment are generally as follows: software developed or acquired for internal use, three years ; computer equipment, two to six years ; buildings and improvements, five to 15 years ; leasehold improvements, three to 15 years ; and furniture and equipment, one to 10 years .",fact extraction,easy
How are operating lease ROU assets and liabilities recognized?,at commencement date based on the present value of lease payments over the lease term,Operating lease ROU assets and liabilities are recognized at commencement date based on the present value of lease payments over the lease term.,fact extraction,easy
How is lease expense for lease payments recognized?,on a straight-line basis over the lease term,Lease expense for lease payments is recognized on a straight-line basis over the lease term.,fact extraction,easy
When is goodwill tested for impairment?,on an annual basis (May 1) and between annual tests if an event occurs or circumstances change,Goodwill Goodwill is tested for impairment at the reporting unit level (operating segment or one level below an operating segment) on an annual basis (May 1) and between annual tests if an event occurs or circumstances change that would more likely than not reduce the fair value of a reporting unit below its carrying value.,fact extraction,easy
"Who is associated with Inflection AI, Inc., a company with which the entity has a licensing agreement?","Reid Hoffman, a member of the entity's Board of Directors","Reid Hoffman, a member of our Board of Directors, is a co-founder of and serves on the board of directors of Inflection.",fact extraction,easy
When did the company adopt the new standard for segment reporting disclosures?,beginning with our annual reporting for fiscal year 2025,We adopted the standard beginning with our annual reporting for fiscal year 2025.,fact extraction,easy
What is the effective date for the new standard to improve income tax disclosures?,beginning with our annual reporting for fiscal year 2026,"The standard will be effective for us beginning with our annual reporting for fiscal year 2026, with early adoption permitted.",fact extraction,easy
What rate is used when the lease does not provide an implicit rate?,incremental borrowing rate based on the estimated rate of interest for collateralized borrowing over a similar term of the lease payments at commencement date,"As most of our leases do not provide an implicit rate, we generally use our incremental borrowing rate based on the estimated rate of interest for collateralized borrowing over a similar term of the lease payments at commencement date.",fact extraction,medium
How is the implicit rate determined for operating lease ROU assets and liabilities if the lease does not provide one?,"The incremental borrowing rate is used, based on the estimated rate of interest for collateralized borrowing over a similar term of the lease payments at commencement date.","As most of our leases do not provide an implicit rate, we generally use our incremental borrowing rate based on the estimated rate of interest for collateralized borrowing over a similar term of the lease payments at commencement date.",fact extraction,easy
When is goodwill tested for impairment?,Goodwill is tested for impairment on an annual basis (May 1) and between annual tests if an event occurs or circumstances change that would more likely than not reduce the fair value of a reporting unit below its carrying value.,Goodwill Goodwill is tested for impairment at the reporting unit level (operating segment or one level below an operating segment) on an annual basis (May 1) and between annual tests if an event occurs or circumstances change that would more likely than not reduce the fair value of a reporting unit below its carrying value.,fact extraction,easy
"When did the company enter into an agreement with Inflection AI, Inc.?",Mar-24,"In March 2024, we entered into an agreement with Inflection AI, Inc. (“Inflection”), pursuant to which we obtained a non-exclusive license to Inflection’s intellectual property.",fact extraction,easy
"What is the relationship between Reid Hoffman and Inflection AI, Inc.?",Reid Hoffman is a co-founder of and serves on the board of directors of Inflection.,"Reid Hoffman, a member of our Board of Directors, is a co-founder of and serves on the board of directors of Inflection.",fact extraction,easy
When did the Financial Accounting Standards Board (“FASB”) issue a new standard to improve reportable segment disclosures?,In November 2023,"In November 2023, the Financial Accounting Standards Board (“FASB”) issued a new standard to improve reportable segment disclosures.",fact extraction,easy
When will the new standard for disaggregation of income statement expenses be effective for the company?,The standard will be effective for us beginning with our annual reporting for fiscal year 2028 and interim periods thereafter.,"The standard will be effective for us beginning with our annual reporting for fiscal year 2028 and interim periods thereafter, with early adoption permitted.",fact extraction,easy
"What was the diluted EPS for the year ended June 30, 2025?",$13.64,Diluted (A/C) $ 13.64 $ 11.80 $ 9.68,fact extraction,easy
What is the difference in basic EPS between 2025 and 2024?,$1.84,Earnings Per Share Basic (A/B) $ 13.70 $ 11.86 $ 9.72,numeric calculation,easy
"What was the weighted average outstanding shares of common stock for the year ended June 30, 2024?","7,431","Weighted average outstanding shares of common stock (B) 7,433 7,431 7,446",fact extraction,easy
"What was the interest and dividends income for the year ended June 30, 2025?","$2,647 million","The components of other income (expense), net were as follows: (In millions) Year Ended June 30, 2025 2024 2023 Interest and dividends income $ 2,647 $ 3,157 $ 2,994",fact extraction,easy
"What was the total other income (expense), net for the year ended June 30, 2025, and how did it compare to the previous year?","The total other income (expense), net for the year ended June 30, 2025 was $-4,901 million. This represents a decrease of $3,255 million compared to the previous year's total of $-1,646 million.","Total $ ( 4,901 ) $ ( 1,646 ) $ 788",numeric calculation,medium
When will the standard for disaggregation of certain costs and expenses be effective for the company?,beginning with our annual reporting for fiscal year 2028 and interim periods thereafter,"The standard will be effective for us beginning with our annual reporting for fiscal year 2028 and interim periods thereafter, with early adoption permitted.",fact extraction,easy
How is diluted EPS computed?,based on the weighted average number of shares of common stock plus the effect of dilutive potential common shares outstanding during the period using the treasury stock method,Diluted EPS is computed based on the weighted average number of shares of common stock plus the effect of dilutive potential common shares outstanding during the period using the treasury stock method.,fact extraction,easy
"What was the basic EPS for the year ended June 30, 2025?",$13.70,Earnings Per Share Basic (A/B) $ 13.70,numeric calculation,easy
What is the formula used to compute basic earnings per share (EPS)?,Basic EPS is computed based on the weighted average number of shares of common stock outstanding during the period.,Basic earnings per share (“EPS”) is computed based on the weighted average number of shares of common stock outstanding during the period.,fact extraction,easy
"What is the difference between basic and diluted EPS for the year ended June 30, 2025?",The difference is $0.06.,Basic (A/B) $ 13.70 $ 11.86 $ 9.72 Diluted (A/C) $ 13.64 $ 11.80 $ 9.68,numeric calculation,medium
"What was the total other income (expense), net for the year ended June 30, 2025?","-$4,901 million","Total $ ( 4,901 ) $ ( 1,646 ) $ 788",fact extraction,easy
"What were the net recognized gains (losses) on debt investments for the year ended June 30, 2025?",$-17 million,"Net recognized gains (losses) on debt investments were as follows: (In millions) Year Ended June 30, 2025 ... Total $ ( 17 )",fact extraction,easy
"What is the total net recognized gains (losses) on equity investments for the year ended June 30, 2025, and how does it compare to the same period in 2024?","The total net recognized gains (losses) on equity investments for the year ended June 30, 2025, was $-332 million, which is a decrease of $267 million compared to $ -65 million in 2024.",Net recognized gains (losses) on equity investments were as follows: ... Total $ ( 332 ) $ ( 65 ),comparison,medium
"What was the total net recognized gain (loss) on investments for the year ended June 30, 2025?","The passage provides a total net recognized gain (loss) on investments for the year ended June  June 30, 2025 2025  $ 2025.","Net Recognized Gains (Loss) on Investments were as: (In) Year Ended  Ended 30, 2025  2025.",fact extraction,fact
What was the unrealized gain on debt on debt investments still held for  2025?,The unrealized gain on debt on debt investments still held  still held  held for  2025 was $536.,Net recognized gains  gains 536.,fact extraction,easy
"What is the recorded basis of U.S. government securities as of June 30, 2025?","51,487","U.S. government securities Level 1 52,878 71 ( 1,462 ) 51,487",fact extraction,easy
What is the total unrealized gains of Corporate notes and bonds (Level 2 and Level 3)?,189,"Corporate notes and bonds Level 2 10,763 124 ( 101 ) 10,786 0 10,786 0, Corporate notes and bonds Level 3 2,511 65 ( 5 ) 2,571 0 111 2,460",numeric calculation,medium
What is the total value of debt investments?,"$85,589","Total debt investments $ 85,589 $ 295 $ ( 1,625 ) $ 84,259 $ 17,486 $ 64,313 $ 2,460",fact extraction,easy
What is the change in fair value of municipal securities Level 3?,-14,Municipal securities Level 3 104 0 ( 14 ) 90 0 90 0,fact extraction,easy
What is the note number related to investments?,4,NOTE 4 — INVESTMENTS,fact extraction,easy
"What is the recorded basis of U.S. government securities as of June 30, 2024?","46,659","U.S. government securities Level 1 49,603 4 ( 2,948 ) 46,659",fact extraction,easy
What is the total unrealized losses for Corporate notes and bonds (Level 2 and Level 3)?,319,"Corporate notes and bonds Level 2 9,106 28 ( 318 ) 8,816 0 8,816 0, Corporate notes and bonds Level 3 1,641 0 ( 1 ) 1,640 0 140 1,500",numeric calculation,medium
What is the total value of municipal securities Level 3?,$104,Municipal securities Level 3 104 0 ( 17 ) 87 0 87 0,fact extraction,easy
What is the total value of equity investments?,"$13,661","Total equity investments $ 13,661 $ 561 $ 0 $ 13,100",fact extraction,easy
What is the change in fair value of total debt investments?,"$ -3,348","$ 68,209 $ 38 $ ( 3,348 ) $ 64,899",fact extraction,easy
What is the change in fair value of municipal securities?,"$ -3,348","$ 68,209 $ 38 $ ( 3,348 )",fact extraction,easy
"What is the value of equity investments without readily determinable fair values measured at cost with adjustments for observable changes in price or impairments as of June 30, 2025?",$2.9 billion,"As of June 30, 2025 and 2024, equity investments without readily determinable fair values measured at cost with adjustments for observable changes in price or impairments were $ 2.9 billion and $ 3.9 billion, respectively.",fact extraction,easy
"How do the values of equity investments measured using the equity method compare as of June 30, 2025 and 2024?","They are equal, at $6.0 billion","Equity investments measured using the equity method were $ 6.0 billion as of both June 30, 2025 and 2024.",comparison,easy
What types of debt investments are mentioned in the passage based on the duration of their unrealized losses?,Debt investments with continuous unrealized losses for less than 12 months and 12 months or greater.,Debt investments with continuous unrealized losses for less than 12 months and 12 months or greater and their related fair values were as follows:,fact extraction,easy
"What is the total unrealized losses for U.S. government and agency securities with less than 12 months and 12 months or greater as of June 30, 2025?","$1,462 million","$ 2,569 $ ( 51 ) $ 34,608 $ ( 1,411 ) $ 37,177 $ ( 1,462 )",fact extraction,easy
"What is the total fair value of securities with unrealized losses for less than 12 months as of June 30, 2025?","$4,560 million","$ 4,560 $ ( 65 )",fact extraction,easy
What is the total unrealized loss from fixed-income securities?,"$3,348","Total $ 2,157 $ ( 25 ) $ 52,432 $ ( 3,323 ) $ 54,589 $ ( 3,348 )",fact extraction,easy
What is the primary reason for unrealized losses from fixed-income securities?,changes in interest rates,Unrealized losses from fixed-income securities are primarily attributable to changes in interest rates.,fact extraction,easy
What is the estimated fair value of debt investments due after one year through five years?,"$41,481","Due after one year through five years 42,460 41,481",fact extraction,easy
What is the total value of corporate notes and bonds held?,"$7,089","Corporate notes and bonds 1,310 ( 9 ) 5,779 ( 310 ) 7,089 ( 319 )",fact extraction,easy
What is the total decrease in value across all categories?,"$3,348","Total $ 2,157 $ ( 25 ) $ 52,432 $ ( 3,323 ) $ 54,589 $ ( 3,348 )",fact extraction,easy
What is the purpose of holding derivatives according to the passage?,"The purpose of holding derivatives is to reduce, eliminate, and efficiently manage the economic impact of exposures.","Our objectives for holding derivatives include reducing, eliminating, and efficiently managing the economic impact of these exposures as effectively as possible.",fact extraction,easy
What is the current rating of our long-term unsecured debt?,AAA,"As of June 30, 2025, our long-term unsecured debt rating was AAA , and cash investments were in excess of $ 1.0 billion.",fact extraction,easy
What is the minimum liquidity required to be maintained according to counterparty agreements for derivative instruments?,$ 1.0 billion,Certain counterparty agreements for derivative instruments contain provisions that require our issued and outstanding long-term unsecured debt to maintain an investment grade credit rating and require us to maintain minimum liquidity of $ 1.0 billion.,fact extraction,easy
What is the purpose of using derivative instruments?,"to manage risks related to foreign currencies, interest rates, equity prices, and credit; to enhance investment returns; and to facilitate portfolio diversification","We use derivative instruments to manage risks related to foreign currencies, interest rates, equity prices, and credit; to enhance investment returns; and to facilitate portfolio diversification.",fact extraction,easy
How are interest rate risks related to certain fixed-rate debt hedged?,using interest rate swaps that are designated as fair value hedging instruments to effectively convert the fixed interest rates to floating interest rates,Interest rate risks related to certain fixed-rate debt are hedged using interest rate swaps that are designated as fair value hedging instruments to effectively convert the fixed interest rates to floating interest rates.,fact extraction,easy
"What is the notional amount of foreign exchange contracts purchased that are designated as hedging instruments as of June 30, 2025?","$1,492 million","The following table presents the notional amounts of our outstanding derivative instruments measured in U.S. dollar equivalents: (In millions) June 30, 2025 June 30, 2024 Designated as Hedging Instruments Foreign exchange contracts purchased $ 1,492 $ 1,492",fact extraction,easy
"What is the total notional amount of equity contracts purchased and sold that are not designated as hedging instruments as of June 30, 2025?","$7,623 million","Equity contracts purchased 5,434 4,016 Equity contracts sold 2,189 2,165",numeric calculation,medium
"What were the gross derivative assets and liabilities subject to legally enforceable master netting agreements as of June 30, 2025?","Assets: $452 million, Liabilities: $1.8 billion","Gross derivative assets and liabilities subject to legally enforceable master netting agreements for which we have elected to offset were $ 452 million and $ 1.8 billion, respectively, as of June 30, 2025, and $ 304 million and $ 800 million, respectively, as of June 30, 2024.",fact extraction,easy
"What is the difference in gross derivative assets between June 30, 2025, and June 30, 2024?",$148 million,"Gross derivative assets and liabilities subject to legally enforceable master netting agreements for which we have elected to offset were $ 452 million and $ 1.8 billion, respectively, as of June 30, 2025, and $ 304 million and $ 800 million, respectively, as of June 30, 2024.",numeric calculation,easy
"What were the gross derivative assets and liabilities subject to legally enforceable master netting agreements as of June 30, 2025?",$452 million and $1.8 billion,"Gross derivative assets and liabilities subject to legally enforceable master netting agreements for which we have elected to offset were $ 452 million and $ 1.8 billion, respectively, as of June 30, 2025",fact extraction,easy
"What is the total notional amount of foreign exchange contracts purchased that are not designated as hedging instruments as of June 30, 2025?","15,214","Not Designated as Hedging Instruments Foreign exchange contracts purchased 15,214",fact extraction,easy
What type of financial instruments is the passage discussing?,Derivative Instruments,The following table presents our derivative instruments:,fact extraction,easy
"What is the net amount of derivatives for Assets and Liabilities as of June 30, 2025?","$500 and $(1,676) respectively","Net amounts of derivatives $ 500 $ ( 1,676 )",fact extraction,easy
What is the total gross amount of derivatives for Assets and Liabilities not designated as Hedging Instruments?,"$654 and $(1,793) respectively","Gross amounts of derivatives 758 ( 1,837 )  ... Not Designated as Hedging Instruments ...  654 = 248 + 385 + 21;  1,793 = 809 + 983 + 1",numeric calculation,medium
"What is the net amount of derivatives for Assets as of June 30, 2025?",$500 million,"Net amounts of derivatives $ 500 $ ( 1,676 ) $ 180 $ ( 752 )",fact extraction,easy
"What is the total gross derivative assets and liabilities subject to legally enforceable master netting agreements as of June 30, 2025?",$2.252 billion,"Gross derivative assets and liabilities subject to legally enforceable master netting agreements for which we have elected to offset were $ 452 million and $ 1.8 billion, respectively, as of June 30, 2025",numeric calculation,medium
What was the depreciation expense for the fiscal year 2025?,$22.0 billion,"During fiscal years 2025, 2024, and 2023, depreciation expense was $ 22.0 billion, $ 15.2 billion, and $ 11.0 billion, respectively.",fact extraction,easy
"What is the net value of property and equipment as of June 30, 2025?","$204,966 million","Total, net $ 204,966 $ 135,591",fact extraction,easy
"How much did purchases of property and equipment remaining in accounts payable amount to as of June 30, 2024?",$ 4.3 billion,"As of June 30, 2025, 2024, and 2023, purchases of property and equipment remaining in accounts payable were $ 6.9 billion, $ 4.3 billion, and $ 3.8 billion, respectively.",fact extraction,easy
"What is the total amount committed for the construction of new buildings, building improvements, and leasehold improvements as of June 30, 2025?",$ 32.1 billion,"As of June 30, 2025, we have committed $ 32.1 billion for the construction of new buildings, building improvements, and leasehold improvements, primarily related to datacenters.",fact extraction,easy
"What was the total fair value of derivative assets on June 30, 2025?",$758 million,"The total fair value of derivative assets on June 30, 2025 was $758 million.",fact extraction,easy
What was the net gain (loss) on derivative instruments not designated as hedging instruments for foreign exchange contracts in 2025?,-$938 million,"Gains (losses) on derivative instruments recognized in other income (expense), net were as follows: (In millions) Year Ended June 30, 2025 ... Not Designated as Hedging Instruments Foreign exchange contracts ( 938 )",fact extraction,easy
What was the value of foreign exchange contracts designated as Cash Flow Hedging Instruments in 2025?,$77 million,Included in effectiveness assessment $ 77 $ ( 14 ) $ 34,fact extraction,easy
What is the difference in value of foreign exchange contracts designated as Cash Flow Hedging Instruments between 2025 and 2023?,$43 million,Included in effectiveness assessment $ 77 $ ( 14 ) $ 34,numeric calculation,easy
"What were the gains or losses on derivative instruments recognized in other income (expense), net for Interest rate contracts designated as Fair Value Hedging Instruments in 2025?",$5 million,"Gains (losses) on derivative instruments recognized in other income (expense), net were as follows: (In millions) Year Ended June 30, 2025 2024 2023 Designated as Fair Value Hedging Instruments Interest rate contracts Derivatives $ 5 $ ( 23 ) $ ( 65 )",fact extraction,easy
"What were the net gains or losses on derivative instruments recognized in other income (expense), net for Foreign exchange contracts not designated as Hedging Instruments in 2025?",$-938 million,Not Designated as Hedging Instruments Foreign exchange contracts ( 938 ) 367 ( 73 ),fact extraction,easy
What  How  was  was  much  much  did  the  did  the  the  purchases  company  purchases  company  pay  pay  for  for  property  property  property  and  and  and  equipment  equipment  equipment  in  in  in 2023   2023   2023?,,"As  As 30,of   June   2022   2025,  and 2023   2023,  purchases  purchases  purchases  property  property  property  and  and  and  equipment  equipment  equipment  in  in  in  accounts  accounts  accounts  pay  pay  $6.9  $  $4  billion  billion  and  and  and 3 3 3 3  billion  billion  ,  billion  ,  respectively.",numeric calculation,easy
What  What  What  What  is  the  the  the 2025   2025   2025   total  total  net  net  value  value  value  of  of  of  property  property  property  and  and 2025   equipment  equipment  equipment  equipment 2025?,,"The  The The  The  The  The  components  The  The  The  The  The  The  The  The  The  The  The  The  The  The  The  The  The  The  The  The  The  The  The 204,   The 204,  204,   966 204, 966 966 135 135 135 135",numeric calculation,hard
"What is the total amount committed for the construction of new buildings, building improvements, and leasehold improvements as of June 30, 2025?",$32.1 billion,"As of June 30, 2025, we have committed $ 32.1 billion for the construction of new buildings, building improvements, and leasehold improvements, primarily related to datacenters.",fact extraction,easy
What is the depreciation expense for fiscal year 2025?,$22.0 billion,"During fiscal years 2025, 2024, and 2023, depreciation expense was $ 22.0 billion, $ 15.2 billion, and $ 11.0 billion, respectively.",fact extraction,easy
"How much did the company pay to acquire Activision Blizzard, Inc.?",$ 75.4 billion,"On October 13, 2023 , we completed our acquisition of Activision Blizzard, Inc. (“Activision Blizzard”) for a total purchase price of $ 75.4 billion, consisting primarily of cash.",fact extraction,easy
What was the total purchase price allocated to Activision Blizzard's assets and liabilities?,"$75,408 million","Total purchase price $ 75,408",fact extraction,easy
What percentage of the goodwill is expected to be non-deductible for income tax purposes?,Substantially all (nearly 100%),Substantially all of the goodwill is expected to be non-deductible for income tax purposes.,fact extraction,easy
What is the total amount of intangible assets acquired by Microsoft Corporation?,"$ 21,969 million","Fair value of intangible assets acquired $ 21,969 15 years",fact extraction,easy
"What is the expected diluted earnings per share for Microsoft Corporation for the year ended June 30, 2024, if the acquisition had been consummated on July 1, 2022?",11.82,Diluted earnings per share 11.82 9.55,fact extraction,easy
"When did the acquisition of Activision Blizzard, Inc. by the company complete?","October 13, 2023","On October 13, 2023 , we completed our acquisition of Activision Blizzard, Inc. (“Activision Blizzard”) for a total purchase price of $ 75.4 billion, consisting primarily of cash.",fact extraction,easy
"What was the total purchase price for the acquisition of Activision Blizzard, Inc.?",$75.4 billion,"On October 13, 2023 , we completed our acquisition of Activision Blizzard, Inc. (“Activision Blizzard”) for a total purchase price of $ 75.4 billion, consisting primarily of cash.",fact extraction,easy
What is the total amount allocated to intangible assets acquired from Activision Blizzard?,"$21,969 million","Following are the details of the purchase price allocated to the intangible assets acquired: (In millions, except average life) Amount Weighted Average Life Marketing-related $ 11,619 24 years Technology-based 9,689 4 years Customer-related 661 4 years Fair value of intangible assets acquired $ 21,969 15 years",fact extraction,easy
What is the weighted average life of the intangible assets acquired from Activision Blizzard?,15 years,"Fair value of intangible assets acquired $ 21,969 15 years",fact extraction,easy
What is the total fair value of intangible assets acquired by Microsoft Corporation?,"$ 21,969 million","Fair value of intangible assets acquired $ 21,969 15 years",fact extraction,easy
What is the weighted average life of the technology-based intangible assets acquired?,4 years,"Technology-based 9,689 4 years",fact extraction,easy
"What was the total carrying amount of goodwill as of June 30, 2025?","$119,509 million","Total $ 67,886 $ 51,235 $ 99 $ 119,220 $ 0 $ 289 $ 119,509",fact extraction,easy
"What was the change in the carrying amount of goodwill for the Productivity and Business Processes segment from June 30, 2023 to June 30, 2025?",$98 million increase,"$ 31,359 $ 0 $ 2 $ 31,361 $ 0 $ 96 $ 31,457",numeric calculation,medium
"What is the accumulated goodwill impairment as of June 30, 2025 and 2024?",$11.3 billion,"As of June 30, 2025 and 2024, accumulated goodwill impairment was $ 11.3 billion.",fact extraction,easy
"What is the net carrying amount of marketing-related intangible assets as of June 30, 2025?","$12,601 million","The components of intangible assets, all of which are finite-lived, were as follows: (In millions) ... Marketing-related $ 16,502 $ ( 3,901 ) $ 12,601",fact extraction,easy
"What is the change in the net carrying amount of technology-based intangible assets from June 30, 2024 to June 30, 2025?","$ -3,571 million","Technology-based 22,560 ( 14,959 ) 7,601 21,913 ( 10,741 ) 11,172",numeric calculation,medium
"What is the total carrying amount of goodwill as of June 30, 2025?","$119,509 million","Total $ 67,886 $ 51,235 $ 99 $ 119,220 $ 0 $ 289 $ 119,509",fact extraction,easy
"What is the change in the carrying amount of goodwill for the Productivity and Business Processes segment from June 30, 2023 to June 30, 2025?",$98 million,"$ 31,359 $ 0 $ 2 $ 31,361 $ 0 $ 96 $ 31,457",numeric calculation,medium
How often is goodwill tested for impairment?,Annually on May 1,"We test goodwill for impairment annually on May 1 at the reporting unit level, primarily using a discounted cash flow methodology with a peer-based, risk-adjusted weighted average cost of capital.",fact extraction,easy
What is the maximum period allowed for the measurement of assets acquired and liabilities assumed?,12 months,"The measurement periods for the valuation of assets acquired and liabilities assumed end as soon as information on the facts and circumstances that existed as of the acquisition dates becomes available, but do not exceed 12 months.",fact extraction,easy
"What is the total change in the carrying amount of goodwill from June 30, 2023 to June 30, 2025?","$51,623 million","Changes in the carrying amount of goodwill were as follows: (In millions) June 30, 2023 Acquisitions Other June 30, 2024 Acquisitions Other June 30, 2025 ... Total $ 67,886 $ 51,235 $ 99 $ 119,220 $ 0 $ 289 $ 119,509",numeric calculation,medium
How often does the company test goodwill for impairment?,The company tests goodwill for impairment annually on May 1.,"We test goodwill for impairment annually on May 1 at the reporting unit level, primarily using a discounted cash flow methodology with a peer-based, risk-adjusted weighted average cost of capital.",fact extraction,easy
What is the maximum duration for the measurement periods for the valuation of assets acquired and liabilities assumed?,The maximum duration is 12 months.,"The measurement periods for the valuation of assets acquired and liabilities assumed end as soon as information on the facts and circumstances that existed as of the acquisition dates becomes available, but do not exceed 12 months.",fact extraction,easy
When is the annual goodwill impairment test performed?,May-01,"We test goodwill for impairment annually on May 1 at the reporting unit level, primarily using a discounted cash flow methodology with a peer-based, risk-adjusted weighted average cost of capital.",fact extraction,easy
"What was the accumulated goodwill impairment as of June 30, 2025 and 2024?",$11.3 billion,"As of June 30, 2025 and 2024, accumulated goodwill impairment was $ 11.3 billion.",fact extraction,easy
"What was the accumulated goodwill impairment as of June 30, 2025?",$11.3 billion,"As of June 30, 2025 and 2024, accumulated goodwill impairment was $ 11.3 billion.",fact extraction,easy
"What is the net carrying amount of technology-based intangible assets as of June 30, 2025?","$7,601 million","Technology-based 22,560 ( 14,959 ) 7,601",fact extraction,easy
What is the total decrease in the net carrying amount of intangible assets from 2024 to 2025?,"$4,993 million","Net Carrying Amount June 30, 2025 $ 22,604 $ 2024 $ 27,597",numeric calculation,medium
What was the total amortization expense for intangible assets for fiscal year 2025?,$6.0 billion,"Intangible assets amortization expense was $ 6.0 billion, $ 4.8 billion, and $ 2.5 billion for fiscal years 2025, 2024, and 2023, respectively.",fact extraction,easy
What is the weighted average life of the total intangible assets acquired in 2024?,14 years,"Total $ 23,264 14 years",fact extraction,easy
"What was the total amount of intangible assets acquired during the year ended June 30, 2025?","$1,096 million","The components of intangible assets acquired during the periods presented were as follows: (In millions) Amount Weighted Average Life Amount Weighted Average Life Year Ended June 30, 2025 2024 ... Total $ 1,096 9 years $ 23,264 14 years",fact extraction,easy
"What is the estimated amortization expense for intangible assets for the year ending June 30, 2026?","$4,594 million","The following table outlines the estimated future amortization expense related to intangible assets held as of June 30, 2025: (In millions) Year Ending June 30, 2026 $ 4,594",fact extraction,easy
"What is the estimated amortization expense for the year ending June 30, 2026?","$ 4,594 million","The following table outlines the estimated future amortization expense related to intangible assets held as of June 30, 2025: (In millions) Year Ending June 30, 2026 $ 4,594",fact extraction,easy
"What is the total amortization expense for the years 2025, 2024, and 2023?",$ 13.3 billion,"Intangible assets amortization expense was $ 6.0 billion, $ 4.8 billion, and $ 2.5 billion for fiscal years 2025, 2024, and 2023, respectively.",numeric calculation,medium
What was the intangible assets amortization expense for fiscal year 2025?,$6.0 billion,"Intangible assets amortization expense was $ 6.0 billion, $ 4.8 billion, and $ 2.5 billion for fiscal years 2025, 2024, and 2023, respectively.",fact extraction,easy
"What is the estimated total amortization expense related to intangible assets held as of June 30, 2025?","$22,604 million","Total $ 22,604",fact extraction,easy
What are the components of long-term debt?,The components of long-term debt were as follows:,Long-term Debt The components of long-term debt were as follows:,fact extraction,easy
What is the unit of measurement for the issuance and maturity data?,millions,"(In millions, issuance by calendar year) Maturities (calendar year)",fact extraction,easy
What is the relationship between issuance and maturity data in terms of time frame?,Both are reported by calendar year,"(In millions, issuance by calendar year) Maturities (calendar year)",fact extraction,easy
What was the total amount issued in 2015?,$ 23.8 billion,2015 issuance of $ 23.8 billion 2025 – 2055,fact extraction,easy
How does the interest rate range for the 2016 issuance compare to the 2015 issuance?,The 2016 issuance has a lower interest rate range (2.40% - 3.95%) compared to the 2015 issuance (3.13% - 4.75%).,2016 issuance of $ 19.8 billion 2026 – 2056 2.40 % – 3.95 % and 2015 issuance of $ 23.8 billion 2025 – 2055 3.13 % – 4.75 %,comparison,medium
What is the total face value of the issuances mentioned in the passage?,"49,206","Total face value 49,206 51,221",fact extraction,easy
What is the difference between the total face value and the unamortized discount and issuance costs for 2020?,"Not directly calculable, but for the total: 49,206 - (1,155) = 48,051","Total face value 49,206 51,221 Unamortized discount and issuance costs ( 1,155 ) ( 1,227 )",numeric calculation,medium
What is the total long-term debt?,"$40,152","Long-term debt $ 40,152 $ 42,688",fact extraction,easy
What is the decrease in long-term debt from the previous year?,"$2,536","Long-term debt $ 40,152 $ 42,688",numeric calculation,medium
How often is interest paid on the Euro-denominated debt?,Annually,"Interest is paid semi-annually, except for the Euro-denominated debt, which is paid annually.",fact extraction,easy
What was the total cash paid for interest on debt for fiscal year 2025?,$1.6 billion,"Cash paid for interest on our debt for fiscal years 2025, 2024, and 2023 was $ 1.6 billion, $ 1.7 billion, and $ 1.7 billion, respectively.",fact extraction,easy
What is the relationship between the issuance data and the calendar year?,The issuance data is organized by calendar year.,"(In millions, issuance by calendar year) Maturities (calendar year)",fact extraction,easy
What are the two types of interest rates mentioned in the passage?,Stated Interest Rate and Effective Interest Rate,"Passage: Stated Interest Rate Effective Interest Rate June 30, 2025",fact extraction,easy
On what date is the Effective Interest Rate mentioned to be applicable?,"June 30, 2025","Passage: Stated Interest Rate Effective Interest Rate June 30, 2025",fact extraction,easy
What was the cash paid for interest on debt for fiscal year 2025?,$ 1.6 billion,"Cash paid for interest on our debt for fiscal years 2025, 2024, and 2023 was $ 1.6 billion, $ 1.7 billion, and $ 1.7 billion, respectively.",fact extraction,easy
"What is the estimated fair value of long-term debt, including the current portion, as of June 30, 2025?",$ 40.4 billion,"As of June 30, 2025 and 2024, the estimated fair value of long-term debt, including the current portion, was $ 40.4 billion and $ 42.3 billion, respectively.",fact extraction,easy
What is the effective tax rate for the fiscal year 2025?,17.60%,Effective rate 17.6 % 18.2 % 19.0 %,fact extraction,easy
"What was the total current taxes for the year ended June 30, 2025?","$28,851","Current taxes $ 28,851 $ 24,389 $ 23,009",fact extraction,easy
"What is the difference in the provision for income taxes between the years ended June 30, 2025 and 2024?","$2,144","Provision for income taxes $ 21,795 $ 19,651 $ 16,950",numeric calculation,medium
"What was the effective tax rate for the year ended June 30, 2025?",17.64%,"Income before income taxes $ 123,627, Provision for income taxes $ 21,795",numeric calculation,medium
"What was the U.S. income before income taxes for the year ended June 30, 2025?","$69,212 million","U.S. and foreign components of income before income taxes were as follows: (In millions) Year Ended June 30, 2025 2024 2023 U.S. $ 69,212 $ 62,886 $ 52,917",fact extraction,easy
"What was the effective tax rate for the year ended June 30, 2025, and how did it compare to the federal statutory rate?","The effective tax rate was 17.6%, which is 3.4 percentage points lower than the federal statutory rate of 21.0%.",Effective rate 17.6 % 18.2 % 19.0 % ... Federal statutory rate 21.0 % 21.0 % 21.0 %,comparison,medium
"What was the U.S. federal statutory tax rate for the years ended June 30, 2025, 2024, and 2023?",21.00%,Federal statutory rate 21.0 % 21.0 % 21.0 %,fact extraction,easy
"What was the effective tax rate for the year ended June 30, 2025, and how did it compare to the prior year?","The effective tax rate for 2025 was 17.6%, which was lower than the 18.2% in 2024.",Effective rate 17.6 % 18.2 % 19.0 %,comparison,easy
What was the reason for the decrease in effective tax rate for fiscal year 2024 compared to fiscal year 2023?,"The decrease was primarily due to tax benefits from tax law changes, including the delay of the effective date of final foreign tax credit regulations.","The decrease in our effective tax rate for fiscal year 2024 compared to fiscal year 2023 was primarily due to tax benefits from tax law changes, including the delay of the effective date of final foreign tax credit regulations.",fact extraction,easy
How did the mix of earnings and tax expenses between the U.S. and foreign countries affect the effective tax rate in 2025 compared to 2024?,The mix of earnings and tax expenses between the U.S. and foreign countries led to a decrease in the effective tax rate for fiscal year 2025 compared to fiscal year 2024.,The decrease in our effective tax rate for fiscal year 2025 compared to fiscal year 2024 was due to changes in the mix of our earnings and tax expenses between the U.S. and foreign countries.,fact extraction,easy
What is the net deferred income tax assets after considering the valuation allowance for the year 2025?,"$45,943 million","Deferred income tax assets, net of valuation allowance $ 45,943",fact extraction,easy
What is the increase in deferred income tax liabilities related to leasing assets from 2024 to 2025?,"$6,193 million","Leasing assets $ ( 12,696 ) $ ( 6,503 )",numeric calculation,medium
What is the net deferred income tax assets value for the current period?,"$26,273","Net deferred income tax assets $ 26,273 $ 19,652",fact extraction,easy
What is the difference between the current and previous year's net deferred income tax assets?,"$6,621","Net deferred income tax assets $ 26,273 $ 19,652",numeric calculation,medium
What is the total net deferred income tax assets reported?,"$26,273","Net deferred income tax assets $ 26,273 $ 19,652",fact extraction,easy
What is the expiration year for the federal capital loss carryforwards if not utilized?,2030,The federal capital loss carryforwards will expire in fiscal year 2030 if not utilized.,fact extraction,easy
"What is the amount of federal capital loss carryforwards as of June 30, 2025?",$816 million,"As of June 30, 2025, we had $ 816 million federal capital loss carryforwards for U.S. tax purposes.",fact extraction,easy
How does the effective tax rate in fiscal year 2025 compare to fiscal year 2024?,The effective tax rate decreased in fiscal year 2025 compared to fiscal year 2024,The decrease in our effective tax rate for fiscal year 2025 compared to fiscal year 2024 was due to changes in the mix of our earnings and tax expenses between the U.S. and foreign countries.,comparison,easy
What is the net deferred income tax assets amount reported?,"$26,273 and $19,652","Net deferred income tax assets $ 26,273 $ 19,652",fact extraction,easy
What is the breakdown of net deferred income tax assets into its components?,"Other long-term assets: $29,108 and $22,270, minus Long-term deferred income tax liabilities: $2,835 and $2,618","Reported As Other long-term assets $ 29,108 $ 22,270 Long-term deferred income tax liabilities ( 2,835 ) ( 2,618 ) Net deferred income tax assets $ 26,273 $ 19,652",fact extraction,medium
"What is the total net deferred income tax assets reported as of June 30, 2025?","$26,273","Net deferred income tax assets $ 26,273 $ 19,652",fact extraction,easy
What is the expiration year for the federal capital loss carryforwards for U.S. tax purposes if not utilized?,2030,The federal capital loss carryforwards will expire in fiscal year 2030 if not utilized.,fact extraction,easy
"What is the amount of federal capital loss carryforwards as of June 30, 2025?",The amount is $  $  million.,"As of 30, 2025,  had  million federal capital loss carryforwards.",fact extraction,easy
"If recognized, how much will the resulting tax benefit affect the effective rates for fiscal 2025?",The resulting tax benefit will affect the effective rates for fiscal 2025 by $  $  billion.,"If recognized,  ,  will  , 2025  by $  $  billion.",fact extraction,easy
"What  , 2025  , 2024 ,2023?",", 2025 ,  ,2024 ,2023  , 22.",",2025 ,  ,2024 ,2023  , 22.",fact extraction,easy
What would be the impact on the effective tax rate for fiscal year 2025 if the resulting tax benefit is recognized?,$21.2 billion,"If recognized, the resulting tax benefit would affect our effective tax rates for fiscal years 2025, 2024, and 2023 by $ 21.2 billion, $ 19.6 billion, and $ 14.4 billion, respectively.",fact extraction,easy
How does the accrued interest expense related to uncertain tax positions in 2025 compare to that in 2023?,"$8.2 billion in 2025 and $5.2 billion in 2023, indicating an increase of $3 billion","As of June 30, 2025, 2024, and 2023, we had accrued interest expense related to uncertain tax positions of $ 8.2 billion, $ 6.8 billion, and $ 5.2 billion, respectively, net of income tax benefits.",comparison,medium
What is the total unearned revenue for the year 2025?,"$67,265 million","Total $ 67,265 $ 60,184",fact extraction,easy
By how much did the gross unrecognized tax benefits related to uncertain tax positions increase from 2023 to 2025?,$7.6 billion,"Gross unrecognized tax benefits related to uncertain tax positions as of June 30, 2025, 2024, and 2023, were $ 24.7 billion, $ 22.8 billion, and $ 17.1 billion, respectively",numeric calculation,medium
What would be the impact on the effective tax rate for fiscal year 2025 if the tax benefit is recognized?,$21.2 billion,"If recognized, the resulting tax benefit would affect our effective tax rates for fiscal years 2025, 2024, and 2023 by $ 21.2 billion, $ 19.6 billion, and $ 14.4 billion, respectively.",fact extraction,easy
How does the interest expense related to uncertain tax positions in 2025 compare to that in 2023?,"$8.2 billion in 2025 and $5.2 billion in 2023, indicating an increase of $3 billion","As of June 30, 2025, 2024, and 2023, we had accrued interest expense related to uncertain tax positions of $ 8.2 billion, $ 6.8 billion, and $ 5.2 billion, respectively, net of income tax benefits.",comparison,medium
What was the interest expense related to uncertain tax positions for fiscal year 2025?,$1.3 billion,"The provision for income taxes for fiscal years 2025, 2024, and 2023 included interest expense related to uncertain tax positions of $ 1.3 billion, $ 1.5 billion, and $ 918 million, respectively, net of income tax benefits.",fact extraction,easy
What was the net change in unrecognized tax benefits from the beginning to the end of fiscal year 2025?,"$2,969 million","Beginning unrecognized tax benefits $ 22,760, Ending unrecognized tax benefits $ 24,729",numeric calculation,medium
"What were the gross unrecognized tax benefits related to uncertain tax positions as of June 30, 2025, 2024, and 2023?","$24.7 billion, $22.8 billion, and $17.1 billion respectively","Gross unrecognized tax benefits related to uncertain tax positions as of June 30, 2025, 2024, and 2023, were $ 24.7 billion, $ 22.8 billion, and $ 17.1 billion, respectively",fact extraction,easy
"If recognized, what would be the resulting tax benefit to the effective tax rates for fiscal years 2025, 2024, and 2023?","$21.2 billion, $19.6 billion, and $14.4 billion respectively","If recognized, the resulting tax benefit would affect our effective tax rates for fiscal years 2025, 2024, and 2023 by $ 21.2 billion, $ 19.6 billion, and $ 14.4 billion, respectively",fact extraction,easy
"What was the accrued interest expense related to uncertain tax positions as of June 30, 2024?",$ 6.8 billion,"As of June 30, 2025, 2024, and 2023, we had accrued interest expense related to uncertain tax positions of $ 8.2 billion, $ 6.8 billion, and $ 5.2 billion, respectively, net of income tax benefits.",fact extraction,easy
What was the increase in unrecognized tax benefits for tax positions related to the current year for 2024?,"$ 1,903 million","Increases for tax positions related to the current year 2,066 1,903 1,051",fact extraction,easy
What was the unearned revenue for Productivity and Business Processes in 2025?,"$50,567","Productivity and Business Processes $ 50,567 $ 43,599",fact extraction,easy
What is the total increase in unearned revenue from 2024 to 2025 across all segments?,"$7,081","Total $ 67,265 $ 60,184",numeric calculation,medium
"What is the balance of unearned revenue at the end of the period for the year ended June 30, 2025?","$67,265","Balance, end of period $ 67,265",fact extraction,easy
What percentage of the total company remaining performance obligation revenue is expected to be recognized over the next 12 months?,40%,We expect to recognize approximately 40 % of our total company remaining performance obligation revenue over the next 12 months and the remainder thereafter.,fact extraction,easy
"What was the total operating lease cost for the year ended June 30, 2025?","$5,524 million","The components of lease expense were as follows: (In millions) Year Ended June 30, 2025 2024 2023 Operating lease cost $ 5,524 $ 3,555 $ 2,875",fact extraction,easy
"What is the total cash outflow for finance leases for the year ended June 30, 2025?","$3,655 million","Financing cash flows from finance leases 2,283 1,286 1,056 and Operating cash flows from finance leases 1,372 734 501",numeric calculation,medium
What was the operating lease cost in 2024?,"$3,555 million","The components of lease expense were as follows: (In millions) Year Ended June 30, 2025 2024 2023 Operating lease cost $ 5,524 $ 3,555 $ 2,875",fact extraction,easy
By how much did the financing cash flows from finance leases increase from 2024 to 2025?,$997 million,"Financing cash flows from finance leases 2,283 1,286 1,056",numeric calculation,easy
"What was the total amount of right-of-use assets obtained in exchange for lease obligations for both operating and finance leases for the year ended June 30, 2025?","$28,337 million","Right-of-use assets obtained in exchange for lease obligations: Operating leases 7,826 6,703 3,514 Finance leases 20,511 11,633 3,128",numeric calculation,medium
"What was the balance of unearned revenue at the beginning of the period ended June 30, 2025?","$60,184 million","Balance, beginning of period $ 60,184",fact extraction,easy
"What was the total operating lease cost for the year ended June 30, 2025?","$5,524","The components of lease expense were as follows: (In millions) Year Ended June 30, 2025 2024 2023 Operating lease cost $ 5,524 $ 3,555 $ 2,875",fact extraction,easy
"What is the total finance lease cost for the year ended June 30, 2025, and how does it compare to the previous year?","The total finance lease cost for the year ended June 30, 2025, was $4,825, which is $2,291 more than the previous year ($4,825 - $2,534).","Total finance lease cost $ 4,825 $ 2,534 $ 1,853",numeric calculation,medium
"What is the total lease payments for operating leases as of June 30, 2025?","$25,481","Total lease payments 25,481 60,506",fact extraction,easy
What is the total value of lease payments for finance leases after 2030?,"$36,251","Thereafter 6,202 36,251",fact extraction,easy
"What is the total operating lease liability as of June 30, 2025?","$22,861 million","Total operating lease liabilities $ 22,861 $ 19,077",fact extraction,easy
"What is the difference in weighted average discount rate for finance leases between June 30, 2025 and June 30, 2024?",0.30%,Weighted Average Discount Rate Finance leases 4.2 % 3.9 %,numeric calculation,easy
What is the difference in weighted average remaining lease term for finance leases between 2024 and 2025?,1 year,Weighted Average Remaining Lease Term ... Finance leases 13 years 12 years,numeric calculation,easy
"What is the total operating lease liability as of June 30, 2025?","$22,861","Total operating lease liabilities $ 22,861",fact extraction,easy
What is the total lease payment for operating leases for the years 2026 to 2030?,"$19,289","Year Ending June 30, Operating Leases 2026 $ 6,111 2027 5,237 2028 3,495 2029 2,419 2030 2,017",numeric calculation,medium
"What is the total lease liability for operating leases as of June 30, 2025?","$22,861 million","Total $ 22,861 $ 46,172",fact extraction,easy
"What is the total amount of lease liabilities for operating leases and finance leases as of June 30, 2025?","$69,033 million","Total lease payments 25,481 60,506",numeric calculation,medium
What was the outcome of the Irish Data Protection Commission's investigation into LinkedIn's targeted advertising practices?,The IDPC provided LinkedIn with a final decision alleging GDPR violations and assessing a fine in October 2024.,"In October 2024, the IDPC provided LinkedIn with a final decision alleging GDPR violations and assessing a fine.",fact extraction,easy
What is the total possible adverse outcome beyond the recorded amount?,approximately $600 million,adverse outcomes that we estimate could reach approximately $ 600 million in aggregate beyond recorded amounts,fact extraction,easy
"What was the total amount spent on share repurchases for the year ended June 30, 2025?","$13,000 million","Total 31 $ 13,000 32 $ 11,960 69 $ 18,400",fact extraction,easy
"How much of the $60.0 billion share repurchase program approved on September 16, 2024, remained as of June 30, 2025?",$57.3 billion,"As of June 30, 2025, $ 57.3 billion remained of this $ 60.0 billion share repurchase program.",fact extraction,easy
What was the total amount of shares repurchased to settle employee tax withholding related to the vesting of stock awards for fiscal year 2025?,$5.4 billion,"The above table excludes shares repurchased to settle employee tax withholding related to the vesting of stock awards of $ 5.4 billion, $ 5.3 billion, and $ 3.8 billion for fiscal years 2025, 2024, and 2023, respectively.",fact extraction,easy
"What is the aggregate amount of legal liabilities accrued as of June 30, 2025, and what is the estimated possible aggregate adverse outcome beyond recorded amounts?","The aggregate legal liabilities accrued as of June 30, 2025, is $541 million, and the estimated possible aggregate adverse outcome beyond recorded amounts is approximately $600 million.","As of June 30, 2025, we accrued aggregate legal liabilities of $ 541 million. While we intend to defend these matters vigorously, adverse outcomes that we estimate could reach approximately $ 600 million in aggregate beyond recorded amounts are reasonably possible.",fact extraction,easy
What is the total possible adverse outcome beyond recorded amounts?,approximately $600 million,adverse outcomes that we estimate could reach approximately $ 600 million in aggregate beyond recorded amounts are reasonably possible.,fact extraction,easy
How does the accrued aggregate legal liabilities compare to the estimated possible adverse outcomes?,The accrued aggregate legal liabilities ($541 million) are less than the estimated possible adverse outcomes ($600 million).,"As of June 30, 2025, we accrued aggregate legal liabilities of $ 541 million. adverse outcomes that we estimate could reach approximately $ 600 million in aggregate beyond recorded amounts are reasonably possible.",comparison,medium
"What was the total amount authorized for share repurchases by the Board of Directors as of September 16, 2024?",$60.0 billion,"On September 16, 2024, our Board of Directors approved a share repurchase program authorizing up to $ 60.0 billion in share repurchases.",fact extraction,easy
What was the aggregate amount of adverse outcomes estimated beyond recorded amounts?,approximately $600 million,adverse outcomes that we estimate could reach approximately $ 600 million in aggregate beyond recorded amounts,fact extraction,easy
"How much remained of the $60.0 billion share repurchase program as of June 30, 2025?",$57.3 billion,"As of June 30, 2025, $ 57.3 billion remained of this $ 60.0 billion share repurchase program.",fact extraction,easy
"What was the total amount spent on share repurchases under the program approved on September 14, 2021, for fiscal years 2025, 2024, and 2023, excluding shares repurchased to settle employee tax withholding?","The passage does not provide a direct total, but mentions that shares repurchased to settle employee tax withholding were $5.4 billion, $5.3 billion, and $3.8 billion for fiscal years 2025, 2024, and 2023 respectively. It also states the $60 billion program was completed in April 2025.","The above table excludes shares repurchased to settle employee tax withholding related to the vesting of stock awards of $ 5.4 billion, $ 5.3 billion, and $ 3.8 billion for fiscal years 2025, 2024, and 2023, respectively.",numeric calculation,medium
How many shares of common stock were outstanding at the end of fiscal year 2025?,"7,434 million","Balance, end of year 7,434 7,434 7,432",fact extraction,easy
When was the share repurchase program approved by the Board of Directors that commenced in November 2021?,"September 14, 2021","On September 14, 2021, our Board of Directors approved a share repurchase program authorizing up to $ 60.0 billion in share repurchases.",fact extraction,easy
"How much remains of the $60.0 billion share repurchase program approved on September 16, 2024, as of June 30, 2025?",$57.3 billion,"As of June 30, 2025, $ 57.3 billion remained of this $ 60.0 billion share repurchase program.",fact extraction,easy
What were the share repurchase programs approved for repurchasing shares during the fourth quarter of fiscal year 2025?,"The share repurchase programs approved on September 14, 2021 and September 16, 2024.","Shares repurchased during the fourth quarter of fiscal year 2025 were under the share repurchase programs approved on September 14, 2021 and September 16, 2024.",fact extraction,easy
How much did the company spend to settle employee tax withholding related to the vesting of stock awards for fiscal year 2025?,$5.4 billion,"The above table excludes shares repurchased to settle employee tax withholding related to the vesting of stock awards of $ 5.4 billion, $ 5.3 billion, and $ 3.8 billion for fiscal years 2025, 2024, and 2023, respectively.",fact extraction,easy
What declared the dividends mentioned in the passage?,The Board of Directors,Our Board of Directors declared the following dividends:,fact extraction,easy
What type of payment did the Board of Directors declare according to the passage?,dividends,Our Board of Directors declared the following dividends:,fact extraction,easy
What is the fiscal year for which the dividend per share amount is provided?,2025,Fiscal Year 2025 (In millions),fact extraction,easy
What is the unit of measurement for the dividend per share amount?,millions,Fiscal Year 2025 (In millions),fact extraction,easy
What was the total dividend declared for Fiscal Year 2024?,$ 3.00,"Fiscal Year 2024 ... Total $ 3.00 $ 22,295",fact extraction,easy
"What is the total amount of dividend declared from September 16, 2024 to September 11, 2025?",$ 3.32,"Total $ 3.32 $ 24,678",fact extraction,easy
What is the topic of the note with the number 16?,ACCUMULATED OTHER COMPREHENSIVE INCOME (LOSS),NOTE 16 — ACCUMULATED OTHER COMPREHENSIVE INCOME (LOSS),fact extraction,easy
What does the table in NOTE 16 summarize?,the changes in accumulated other comprehensive income (loss) by component,The following table summarizes the changes in accumulated other comprehensive income (loss) by component :,fact extraction,easy
"What was the beginning balance of derivatives for the year ended June 30, 2025?",$ ( 3 ),"Derivatives Balance, beginning of period $ ( 3 ) $ ( 27 ) $ ( 13 )",fact extraction,easy
"What was the net change related to derivatives for the year ended June 30, 2025?",-5,"Net change related to derivatives, net of tax of $( 1 ) , $ 6 , and $( 4 ) ( 5 ) 24 ( 14 )",fact extraction,easy
What was the accumulated other comprehensive loss at the end of the period for the latest reported year?,"$ ( 3,347 )","Accumulated other comprehensive loss, end of period $ ( 3,347 ) $ ( 5,590 ) $ ( 6,343 )",fact extraction,easy
"What was the net change related to investments for the first reported year, net of tax?","$ 1,574","Net change related to investments, net of tax of $ 414 , $ 258 , and $( 373 ) 1,574 957 ( 1,444 )",fact extraction,easy
What is the topic of Note 16 in the passage?,Accumulated other comprehensive income (loss),NOTE 16 — ACCUMULATED OTHER COMPREHENSIVE INCOME (LOSS),fact extraction,easy
What was the net change related to investments in accumulated other comprehensive loss for the period with a tax of $258?,957,"Net change related to investments, net of tax of $ 414 , $ 258 , and $( 373 ) 1,574 957 ( 1,444 )",fact extraction,easy
What was the accumulated other comprehensive loss at the end of the period for the component Translation Adjustments and Other?,"-2,288","Balance, end of period $ ( 2,288 ) $ ( 2,962 ) $ ( 2,734 )",fact extraction,easy
What is the typical vesting period for RSUs and PSUs?,RSUs generally vest ratably over a service period of four years and PSUs generally vest over a performance period of three years.,RSUs generally vest ratably over a service period of four years . PSUs generally vest over a performance period of three years .,fact extraction,easy
What was the weighted average grant-date fair value of stock awards granted in fiscal year 2025?,$413.90,Granted (a) 39 413.90,fact extraction,easy
"What is the total amount of unrecognized compensation costs related to stock awards as of June 30, 2025?",$21.6 billion,"As of June 30, 2025, total unrecognized compensation costs related to stock awards were $ 21.6 billion.",fact extraction,easy
What is the weighted average period over which the unrecognized compensation costs of $21.6 billion are expected to be recognized?,three years,These costs are expected to be recognized over a weighted average period of three years.,fact extraction,easy
"What is the stock-based compensation expense for the year ended June 30, 2025?","$11,974 million","Stock-based compensation expense $ 11,974 $ 10,734 $ 9,611",fact extraction,easy
How many years does it generally take for stock awards to vest?,four years or five years,Stock awards generally vest over a service period of four years or five years.,fact extraction,easy
What is the typical vesting period for RSUs and PSUs?,RSUs generally vest over 4 years and PSUs over 3 years.,RSUs generally vest ratably over a service period of four years. PSUs generally vest over a performance period of three years.,fact extraction,easy
What was the range of interest rates used to estimate the fair value of stock awards in 2024?,3.8% to 5.6%.,"Year Ended June 30, 2025 2024 2023 ... Interest rates 3.4 % – 5.5 % 3.8 % – 5.6 % 2.0 % – 5.4 %",fact extraction,easy
"What was the total unrecognized compensation costs related to stock awards as of June 30, 2025?",$ 21.6 billion,"As of June 30, 2025, total unrecognized compensation costs related to stock awards were $ 21.6 billion.",fact extraction,easy
What is the expected recognition period for the total unrecognized compensation costs related to stock awards?,three years,These costs are expected to be recognized over a weighted average period of three years.,fact extraction,easy
What is the weighted average period over which the costs are expected to be recognized?,three years,These costs are expected to be recognized over a weighted average period of three years.,fact extraction,easy
"How many shares were purchased by employees through the ESPP in the year ended June 30, 2025, and what was the average price per share?","6 million shares, $385.10","Employees purchased the following shares during the periods presented: (Shares in millions) Year Ended June 30, 2025 2024 2023 Shares purchased 6 6 7 Average price per share $ 385.10 $ 339.46 $ 245.59",fact extraction,easy
"How many shares of common stock were reserved for future issuance through the ESPP as of June 30, 2025?",62 million,"As of June 30, 2025, 62 million shares of our common stock were reserved for future issuance through the ESPP.",fact extraction,easy
What were the employer-funded retirement benefits for all plans in fiscal year 2025?,$1.8 billion,"Employer-funded retirement benefits for all plans were $ 1.8 billion, $ 1.7 billion, and $ 1.6 billion in fiscal years 2025, 2024, and 2023, respectively, and were expensed as contributed.",fact extraction,easy
What is the discount rate for employees to purchase shares of Microsoft common stock through the Employee Stock Purchase Plan?,90%,Shares of our common stock may be purchased by employees at three-month intervals at 90 % of the fair market value on the last trading day of each three-month period.,fact extraction,easy
What products and services are included in Microsoft's Productivity and Business Processes segment?,"Microsoft 365 Commercial products and cloud services, Microsoft 365 Consumer products and cloud services, LinkedIn, and Dynamics products and cloud services.",This segment primarily comprises: • Microsoft 365 Commercial products and cloud services... • Microsoft 365 Consumer products and cloud services... • LinkedIn... • Dynamics products and cloud services,fact extraction,medium
"How many shares of common stock were purchased by employees in the year ended June 30, 2025?",6 million,"Employees purchased the following shares during the periods presented: (Shares in millions) Year Ended June 30, 2025 2024 2023 Shares purchased 6 6 7",fact extraction,easy
What was the total employer-funded retirement benefits for all plans in fiscal year 2025?,$1.8 billion,"Employer-funded retirement benefits for all plans were $ 1.8 billion, $ 1.7 billion, and $ 1.6 billion in fiscal years 2025, 2024, and 2023, respectively, and were expensed as contributed.",fact extraction,easy
"What was the total employer-funded retirement benefits for the three fiscal years 2023, 2024, and 2025?",$ 1.6 billion + $ 1.7 billion + $ 1.8 billion = $ 5.1 billion,"Employer-funded retirement benefits for all plans were $ 1.8 billion, $ 1.7 billion, and $ 1.6 billion in fiscal years 2025, 2024, and 2023, respectively",numeric calculation,easy
What is the discount rate at which employees can purchase shares of the common stock under the Employee Stock Purchase Plan (ESPP)?,90 % of the fair market value on the last trading day of each three-month period,Shares of our common stock may be purchased by employees at three-month intervals at 90 % of the fair market value on the last trading day of each three-month period,fact extraction,easy
What is the employer-funded retirement benefits for the fiscal year 2025?,$ 1.8 billion,"Employer-funded retirement benefits for all plans were $ 1.8 billion, $ 1.7 billion, and $ 1.6 billion in fiscal years 2025, 2024, and 2023, respectively, and were expensed as contributed.",fact extraction,easy
How does the employer-funded retirement benefits for 2024 compare to 2023?,"$ 1.7 billion in 2024 and $ 1.6 billion in 2023, indicating a $ 0.1 billion increase","Employer-funded retirement benefits for all plans were $ 1.8 billion, $ 1.7 billion, and $ 1.6 billion in fiscal years 2025, 2024, and 2023, respectively, and were expensed as contributed.",comparison,easy
What are the main components of the Productivity and Business Processes segment?,"The main components of the Productivity and Business Processes segment are: Microsoft 365 Commercial products and cloud services, Microsoft 365 Consumer products and cloud services, LinkedIn, and Dynamics products and cloud services.","This segment primarily comprises: • Microsoft 365 Commercial products and cloud services, including Microsoft 365 Commercial cloud, comprising Microsoft 365 Commercial, Enterprise Mobility + Security, the cloud portion of Windows Commercial, the per-user portion of Power BI, Exchange, SharePoint, Microsoft Teams, Microsoft 365 Security and Compliance, and Microsoft 365 Copilot; and Microsoft 365 Commercial products, comprising Windows Commercial on-premises and Office licensed on-premises. • Microsoft 365 Consumer products and cloud services, including Microsoft 365 Consumer subscriptions, Office licensed on-premises, and other consumer services. • LinkedIn, including Talent Solutions, Marketing Solutions, Premium Subscriptions, and Sales Solutions. • Dynamics products and cloud services, including Dynamics 365, comprising a set of intelligent, cloud-based applications across ERP, CRM, Power Apps, and Power Automate; and on-premises ERP and CRM applications.",fact extraction,medium
What does Microsoft 365 Commercial cloud comprise?,"Microsoft 365 Commercial cloud comprises Microsoft 365 Commercial, Enterprise Mobility + Security, the cloud portion of Windows Commercial, the per-user portion of Power BI, Exchange, SharePoint, Microsoft Teams, Microsoft 365 Security and Compliance, and Microsoft 365 Copilot.","Microsoft 365 Commercial cloud, comprising Microsoft 365 Commercial, Enterprise Mobility + Security, the cloud portion of Windows Commercial, the per-user portion of Power BI, Exchange, SharePoint, Microsoft Teams, Microsoft 365 Security and Compliance, and Microsoft 365 Copilot;",fact extraction,easy
What is the primary profitability measure used by the Chief Operating Decision Maker (CODM) to review segment operating results?,operating income,The primary profitability measure used by the CODM to review segment operating results is operating income.,fact extraction,easy
Who is the Chief Operating Decision Maker (CODM) of the company?,the Chief Executive Officer,who is also our Chief Executive Officer,fact extraction,easy
What are the main components of Microsoft's Intelligent Cloud segment?,"Server products and cloud services, including Azure and other cloud services, and Enterprise and partner services.","Intelligent Cloud Our Intelligent Cloud segment consists of our public, private, and hybrid server products and cloud services that power modern business and developers. This segment primarily comprises: • Server products and cloud services, including Azure and other cloud services, comprising cloud and AI consumption-based services, GitHub cloud services, Nuance Healthcare cloud services, virtual desktop offerings, and other cloud services; and Server products, comprising SQL Server, Windows Server, Visual Studio, System Center, related Client Access Licenses (“CALs”), and other on-premises offerings. • Enterprise and partner services, including Enterprise Support Services, Industry Solutions, Nuance professional services, Microsoft Partner Network, and Learning Experience.",fact extraction,easy
"Which Microsoft segment includes products and services such as Dynamics 365, Power Apps, and Power Automate?",Dynamics products and cloud services.,"• Dynamics products and cloud services, including Dynamics 365, comprising a set of intelligent, cloud-based applications across ERP, CRM, Power Apps, and Power Automate; and on-premises ERP and CRM applications.",fact extraction,easy
What are the main components of the More Personal Computing segment?,"The main components of the More Personal Computing segment are Windows and Devices, Gaming, and Search and news advertising.","This segment primarily comprises: • Windows and Devices, including Windows OEM licensing (Windows Pro and non-Pro licenses sold through the OEM channel) and Devices, comprising Surface and PC accessories. • Gaming, including Xbox hardware and Xbox content and services, comprising first- and third-party content (including games and in-game content), Xbox Game Pass and other subscriptions, Xbox Cloud Gaming, advertising, and other cloud services. • Search and news advertising, comprising Bing and Copilot, Microsoft News, Microsoft Edge, and third-party affiliates.",fact extraction,easy
What methodology is used to allocate cost of revenue in certain cases?,relative revenue methodology,Cost of revenue is allocated in certain cases based on a relative revenue methodology.,fact extraction,easy
How are operating expenses that are allocated to segments primarily determined?,based on relative gross margin,Operating expenses that are allocated primarily include those relating to marketing of products and services from which multiple segments benefit and are generally allocated based on relative gross margin.,fact extraction,easy
What was the operating income for Productivity and Business Processes in 2025?,"$69,773","Year Ended June 30, 2025 2024 2023 Productivity and Business Processes ... Operating Income $ 69,773 $ 59,661 $ 50,074",fact extraction,easy
What is the percentage increase in Total Revenue from 2024 to 2025?,14.90%,"Total Revenue $ 281,724 $ 245,122 $ 211,915",numeric calculation,medium
"What is the maximum percentage of revenue that sales to an individual customer or country, other than the United States, accounted for in fiscal years 2025, 2024, or 2023?",10%,"No sales to an individual customer or country other than the United States accounted for more than 10% of revenue for fiscal years 2025, 2024, or 2023.",fact extraction,easy
What was the revenue in the United States for the fiscal year 2025?,"$144,546 million","Revenue, classified by the major geographic areas in which our customers were located, was as follows: (In millions) Year Ended June 30, 2025 2024 2023 United States (a) $ 144,546 $ 124,704 $ 106,744",fact extraction,easy
What is the percentage of revenue from the United States for the fiscal year 2025?,51.30%,"Total $ 281,724, United States (a) $ 144,546",numeric calculation,medium
"What was the total revenue for the year ended June 30, 2025?","$281,724","Total $ 281,724 $ 245,122 $ 211,915",fact extraction,easy
"What is the operating income for the Productivity and Business Processes segment for the year ended June 30, 2025, and what is its year-over-year growth rate?","The operating income for the Productivity and Business Processes segment for the year ended June 30, 2025, was $69,773. To calculate the year-over-year growth rate: ((69,773 - 59,661) / 59,661) * 100 = 16.9%.","Productivity and Business Processes Operating Income $ 69,773 $ 59,661 $ 50,074",numeric calculation,medium
"What is the difference in revenue between the United States and other countries for the year ended June 30, 2025?","$7,352","United States $ 144,546 $ 124,704 $ 106,744 , Other countries 137,178 120,418 105,171",numeric calculation,medium
What was Microsoft Cloud revenue in fiscal year 2025?,$168.9 billion,"Our Microsoft Cloud revenue, which includes Microsoft 365 Commercial cloud, Azure and other cloud services, the commercial portion of LinkedIn, and Dynamics 365, was $ 168.9 billion, $ 137.7 billion, and $ 111.6 billion in fiscal years 2025, 2024, and 2023, respectively.",fact extraction,easy
What was the revenue of Server products and cloud services in 2024 compared to 2023?,"$79,828 million in 2024 and $65,007 million in 2023","Revenue, classified by significant product and service offerings, was as follows: (In millions) Year Ended June 30, 2025 2024 2023 Server products and cloud services $ 98,435 $ 79,828 $ 65,007",comparison,easy
"What was Microsoft's total revenue for the year ended June 30, 2025?","$281,724 million","Revenue, classified by significant product and service offerings, was as follows: (In millions) Year Ended June 30, 2025 2024 2023 ... Total $ 281,724 $ 245,122 $ 211,915",fact extraction,easy
What was the growth rate of Microsoft Cloud revenue from fiscal year 2024 to fiscal year 2025?,22.70%,"Our Microsoft Cloud revenue, which includes Microsoft 365 Commercial cloud, Azure and other cloud services, the commercial portion of LinkedIn, and Dynamics 365, was $ 168.9 billion, $ 137.7 billion, and $ 111.6 billion in fiscal years 2025, 2024, and 2023, respectively.",numeric calculation,medium
What was the total value of long-lived assets in 2025?,"$371,902 million","Long-lived assets, excluding financial instruments and tax assets, classified by the location of the controlling statutory company and with countries over 10% of the total shown separately, were as follows: (In millions) June 30, 2025 2025 $ 371,902",fact extraction,easy
What was the growth rate of Microsoft Cloud revenue from 2023 to 2024?,23.40%,"Our Microsoft Cloud revenue, which includes Microsoft 365 Commercial cloud, Azure and other cloud services, the commercial portion of LinkedIn, and Dynamics 365, was $ 168.9 billion, $ 137.7 billion, and $ 111.6 billion in fiscal years 2025, 2024, and 2023, respectively.",numeric calculation,medium
"What is the total amount of long-lived assets, excluding financial instruments and tax assets, for the year 2025?","$371,902 million","Long-lived assets, excluding financial instruments and tax assets, classified by the location of the controlling statutory company and with countries over 10% of the total shown separately, were as follows: (In millions) ... Total $ 371,902",fact extraction,easy
Which country has the largest amount of long-lived assets in 2025 and what is the amount?,"United States, $230,069 million","United States $ 230,069",fact extraction,easy
What is the opinion of the independent registered public accounting firm regarding the financial statements of Microsoft Corporation?,"The financial statements present fairly, in all material respects, the financial position of the Company as of June 30, 2025 and 2024, and the results of its operations and its cash flows for each of the three years in the period ended June 30, 2025.","In our opinion, the financial statements present fairly, in all material respects, the financial position of the Company as of June 30, 2025 and 2024, and the results of its operations and its cash flows for each of the three years in the period ended June 30, 2025, in conformity with accounting principles generally accepted in the United States of America.",fact extraction,easy
"For how many years were the consolidated statements of income, comprehensive income, cash flows, and stockholders' equity audited?",three,"the related consolidated statements of income, comprehensive income, cash flows, and stockholders' equity, for each of the three years in the period ended June 30, 2025",fact extraction,easy
What is the date of the report on the Company's internal control over financial reporting?,"July 30, 2025","We have also audited, in accordance with the standards of the Public Company Accounting Oversight Board (United States) (PCAOB), the Company's internal control over financial reporting as of June 30, 2025, based on criteria established in Internal Control — Integrated Framework (2013) issued by the Committee of Sponsoring Organizations of the Treadway Commission and our report dated July 30, 2025, expressed an unqualified opinion on the Company's internal control over financial reporting.",fact extraction,easy
For how many years were the results of the Company's operations and cash flows audited?,three,"the results of its operations and its cash flows for each of the three years in the period ended June 30, 2025",fact extraction,easy
What standards were used to conduct the audits?,The standards of the PCAOB.,We conducted our audits in accordance with the standards of the PCAOB.,fact extraction,easy
What is the purpose of the audit procedures performed?,"To obtain reasonable assurance about whether the financial statements are free of material misstatement, whether due to error or fraud.","Those standards require that we plan and perform the audit to obtain reasonable assurance about whether the financial statements are free of material misstatement, whether due to error or fraud.",fact extraction,medium
What type of services does the Company offer through its volume licensing programs?,"The Company offers customers the ability to acquire multiple licenses of software products and services, including cloud-based services.","The Company offers customers the ability to acquire multiple licenses of software products and services, including cloud-based services, in its customer agreements through its volume licensing programs.",fact extraction,easy
What factors does the Company consider when exercising significant judgment in determining revenue recognition for certain customer agreements?,"The Company considers the following factors: determination of whether products and services are distinct performance obligations, pattern of delivery for each distinct performance obligation, identification and treatment of contract terms that may impact revenue recognition, and determination of stand-alone selling prices for each distinct performance obligation and for products and services that are not sold separately.","Significant judgment is exercised by the Company in determining revenue recognition for certain customer agreements, and includes the following: • Determination of whether products and services are considered distinct performance obligations that should be accounted for separately versus together, such as software licenses and related services that are sold with cloud-based services. • The pattern of delivery (i.e., timing of when revenue is recognized) for each distinct performance obligation. • Identification and treatment of contract terms that may impact the timing and amount of revenue recognized (e.g., variable consideration, optional purchases, and free services). • Determination of stand-alone selling prices for each distinct performance obligation and for products and services that are not sold separately.",fact extraction,medium
Why was the audit effort in evaluating management's judgments in determining revenue recognition for certain customer agreements extensive?,The audit effort was extensive due to the volume of transactions and the high degree of auditor judgment required.,"Given these factors and due to the volume of transactions, the related audit effort in evaluating management's judgments in determining revenue recognition for certain customer agreements was extensive and required a high degree of auditor judgment.",multi-step reasoning,hard
What were the principal audit procedures related to the Company's revenue recognition for certain customer agreements?,"The principal audit procedures included testing the effectiveness of controls, evaluating management's significant accounting policies, selecting a sample of customer agreements to perform further procedures, evaluating the reasonableness of management's estimate of stand-alone selling prices, and testing the mathematical accuracy of management's calculations.",Our principal audit procedures related to the Company’s revenue recognition for certain customer agreements included the following:,fact extraction,easy
How did the auditors evaluate management's application of their accounting policies in determining revenue recognition conclusions for certain customer agreements?,"The auditors assessed the terms in the customer agreement and evaluated the appropriateness of management's application of their accounting policies, along with their use of estimates.","o Assessed the terms in the customer agreement and evaluated the appropriateness of management’s application of their accounting policies, along with their use of estimates, in the determination of revenue recognition conclusions.",fact extraction,medium
What factors require significant judgment for revenue recognition in certain customer agreements?,"The determination of whether products and services are considered distinct performance obligations, the pattern of delivery for each distinct performance obligation, identification and treatment of contract terms that may impact the timing and amount of revenue recognized, and determination of stand-alone selling prices for each distinct performance obligation and for products and services that are not sold separately.","Significant judgment is exercised by the Company in determining revenue recognition for certain customer agreements, and includes the following: • Determination of whether products and services are considered distinct performance obligations that should be accounted for separately versus together, such as software licenses and related services that are sold with cloud-based services. • The pattern of delivery (i.e., timing of when revenue is recognized) for each distinct performance obligation. • Identification and treatment of contract terms that may impact the timing and amount of revenue recognized (e.g., variable consideration, optional purchases, and free services). • Determination of stand-alone selling prices for each distinct performance obligation and for products and services that are not sold separately.",fact extraction,medium
What was the primary issue related to the Notices of Proposed Adjustments (NOPAs) received by the Company for the tax years 2004 to 2013?,intercompany transfer pricing,"During fiscal year 2024, the Company received Notices of Proposed Adjustments (“NOPAs”) for the tax years 2004 to 2013, primarily related to intercompany transfer pricing.",fact extraction,easy
What was involved in evaluating management’s estimates relating to their determination of uncertain tax positions?,"a high degree of auditor judgment, including involvement of tax specialists","Given the complexity and the subjective nature of certain transfer pricing issues that remain unresolved with the IRS, evaluating management’s estimates relating to their determination of uncertain tax positions required a high degree of auditor judgment, including involvement of our tax specialists.",fact extraction,medium
What is the time period for which the Company remains under IRS audit or subject to IRS audit related to uncertain tax positions?,tax years subsequent to 2003,"The Company remains under IRS audit, or subject to IRS audit, for tax years subsequent to 2003.",fact extraction,easy
"What specific years did the Company receive Notices of Proposed Adjustments (NOPAs) for, primarily related to intercompany transfer pricing?",2004 to 2013,"During fiscal year 2024, the Company received Notices of Proposed Adjustments (“NOPAs”) for the tax years 2004 to 2013, primarily related to intercompany transfer pricing.",fact extraction,easy
Who is responsible for establishing and maintaining adequate internal control over financial reporting for the Company?,Our management,Our management is responsible for establishing and maintaining adequate internal control over financial reporting for the Company.,fact extraction,easy
What is the purpose of internal control over financial reporting?,To provide reasonable assurance regarding the reliability of our financial reporting for external purposes in accordance with accounting principles generally accepted in the United States of America.,Internal control over financial reporting is a process to provide reasonable assurance regarding the reliability of our financial reporting for external purposes in accordance with accounting principles generally accepted in the United States of America.,fact extraction,medium
What framework was used by management to evaluate the effectiveness of internal control over financial reporting?,Internal Control – Integrated Framework (2013) issued by the Committee of Sponsoring Organizations of the Treadway Commission,Management conducted an evaluation of the effectiveness of our internal control over financial reporting based on the framework in Internal Control – Integrated Framework (2013) issued by the Committee of Sponsoring Organizations of the Treadway Commission.,fact extraction,easy
What is the purpose of a company's internal control over financial reporting?,To provide reasonable assurance regarding the reliability of financial reporting and the preparation of financial statements for external purposes in accordance with generally accepted accounting principles.,A company’s internal control over financial reporting is a process designed to provide reasonable assurance regarding the reliability of financial reporting and the preparation of financial statements for external purposes in accordance with generally accepted accounting principles.,fact extraction,easy
What are the inherent limitations of internal control over financial reporting?,Internal control over financial reporting may not prevent or detect misstatements.,"Because of its inherent limitations, internal control over financial reporting may not prevent or detect misstatements.",fact extraction,easy
What are the limitations of internal control over financial reporting?,It may not prevent or detect misstatements.,"Because of its inherent limitations, internal control over financial reporting may not prevent or detect misstatements.",fact extraction,easy
What is a limitation of internal control over financial reporting?,Internal control over financial reporting may not prevent or detect misstatements.,"Because of its inherent limitations, internal control over financial reporting may not prevent or detect misstatements.",fact extraction,easy
What is a risk associated with projecting the evaluation of effectiveness of internal control over financial reporting to future periods?,"The risk that controls may become inadequate because of changes in conditions, or that the degree of compliance with the policies or procedures may deteriorate.","Also, projections of any evaluation of effectiveness to future periods are subject to the risk that controls may become inadequate because of changes in conditions, or that the degree of compliance with the policies or procedures may deteriorate.",fact extraction,medium
